content,score,sentiment,sentiment_label
One of the best apps,5,1.0,Positive
my account ban 😭,1,0.0,Neutral
"Basically, personal accounts get suspended for vague reasons, while spam/explicit accounts and ads run freely on this app. This is my second private personal account to be suspended for no reason at all",1,-0.016666666666666663,Negative
good,5,0.7,Positive
increase my followers,4,0.0,Neutral
Blocking accounts without any reasons. Support is AI and not giving any solutions,1,0.0,Neutral
Good App but stop banning my accounts for no reason,5,0.7,Positive
dirty app noob app 🤮🤮🤮,1,-0.6,Negative
my 8 accounts has been suspended since 10 may 😡,1,0.0,Neutral
"Very bad application. After using so much AI algorithms Instagram stop working good. They starting blocking normal accounts. Closing business accounts even without breaking rules. No one answearing. They god lot of money and stopped taking care about customers, users.",1,0.028000000000000042,Positive
had a great experience with this app this app works so nice nd had a vry grt experience,5,0.7,Positive
LET US UPLOAD PICTURE IN COMMENT SECTION,5,0.0,Neutral
love it,5,0.5,Positive
Bad app goodbye,1,-0.6999999999999998,Negative
veryy badd insta team u suspend my all acc I have done nothing i just make acc fir meme page and they suspend thay ca say to remove content but directly suspend my all acc plus my main acc also I have done nothing byy Insta downfall,1,0.13333333333333333,Positive
it cool but you guys should try to some times don't block people account for no reason and make it very difficult to get back because i just got mine back after a long period of blocking for no reason so pls you should try and solve that when that is solved your app will stand out best and strong,3,0.15476190476190474,Positive
nice,5,0.6,Positive
"Hey Instagram, when I post a story on my Instagram, I don't get the restyle option, so please bring it to my Instagram account somehow.",3,0.0,Neutral
I'm so disappointed cause mina won't show filters 😔😭 and other filters won't do,1,-0.4375,Negative
good,5,0.7,Positive
to work with it,5,0.0,Neutral
I dont have the carousel feature.,1,0.0,Neutral
live laugh love insta!,5,0.35378787878787876,Positive
the repost button suddenly disappeared,1,0.0,Neutral
"When you tap on a picture to see it and then go back to the photo list in an account, it doesn't remember where you left off and goes back to the top every time. Also, the UI bug in Pixel 7 pro phones persists. Posts that are 2 pictures or more always start at the second picture.",3,0.16666666666666666,Positive
Instagram ke kuch popular features: Stories — 24 ghante ke liye photo/video share kar sakte ho Reels — Short entertaining videos banane ka feature Posts — Photos aur videos feed me upload karna Live — Followers ke saath live video chat DM (Direct Message) — Private chatting aur media sharing Highlights — Important stories ko profile par save karna Filters & Effects — Photos/videos ko stylish banana Close Friends — Sirf selected logon ko story dikhana Notes — Chhota status/text update la,4,0.2636363636363636,Positive
GIVE US BACK END TO END ENCRYPTION AND GET RID OF THE AI NONSENSE. DONT TRAIN AI ON ANY OF OUR THINGS. GET RID OF AI.,1,0.0,Neutral
time pass Instagram user 3 star,3,0.0,Neutral
amazin,5,0.0,Neutral
no problems :),5,0.5,Positive
abujar Gazi,5,0.0,Neutral
normal people's acc banning for no reason,1,0.15,Positive
This app is teaching me something new. I will be very grateful. Thank you Instagram.,5,0.16818181818181818,Positive
"Educational, funny, and totally relaxing. You can really unwind, looking through so many beautiful, interesting and funny videos.",5,0.35,Positive
mo akeelfceeercvbn,5,0.0,Neutral
excellent,5,1.0,Positive
best,5,1.0,Positive
for no reason it suspended my 2 account,1,0.0,Neutral
"I believe this is a mistake as I have always followed all community guidelines and terms of service. I request you to please review my account and reactivate it as soon as possible. Thank you for your time and assistance.'""",5,0.0,Neutral
My Instagram account suspended. Why Instagram ?,1,0.0,Neutral
yadav sarkar,3,0.0,Neutral
This app is very entertaining 🤌,5,0.65,Positive
timepass is man insta love and mast,3,0.5,Positive
xx eeeecccc xxxx English film xxxxx mmmm blue filmxx eeee cccc e,5,0.0,Neutral
my account saspend,5,0.0,Neutral
all things is good but pls provide us an option of select all in likes section where I can select all reels & unlike all of them in just one click so pls,4,0.7,Positive
"My ID has been renewed, I have received the mail, my ID is back but I am not able to login, now Instagram has become a rubbish app",1,-0.125,Negative
Instagram have help me a lot I have been connected on Instagram,4,0.0,Neutral
pls unbeen my account 🙏,5,0.0,Neutral
remove my account please,5,0.0,Neutral
last updated have bug application not able to open,1,-0.08333333333333333,Negative
"Your Instagram account was disabled because it is linked to another account that violated platform rules. It can be incredibly frustrating to lose access to your profile, especially when it stems from a secondary account, but there are clear steps you can take to try and resolve this. Why This Happened Account Linking: Meta links profiles using shared phone numbers, emails, IP addresses, or device IDs. Shared Penalty: If one account gets suspended for policy violations, Instagram frequently d",5,-0.1166666666666667,Negative
this app is very good for using,5,0.9099999999999999,Positive
Great App,5,0.8,Positive
"I've been experiencing major technical issues with Instagram lately. My account was suspended today, and while I attempted to appeal the decision, I never received the verification code in my email. Thinking it might refresh the session, I logged out, but now I'm completely locked out. Even the 'forgotten password' route fails, showing 'unable to log in, please try again later.' This is incredibly frustrating. Please look into these login bugs and fix this as soon as possible... ( spider.blex )",1,-0.17083333333333334,Negative
very nice app ❤️💯🥰,5,0.78,Positive
very smoothin,5,0.2,Positive
"I’m facing multiple issues with Instagram/Facebook integration. 1. My Instagram profile is not connecting properly to my Facebook Page, affecting monetization features. 2. Tax info/payout login keeps failing, so I can’t complete verification. 3. Subscription Preview only shows 1 picture instead of multiple posts. Monetization and creator tools also load inconsistently with random setup errors. Please fix these issues soon.",1,-0.06666666666666667,Negative
excellent,5,1.0,Positive
it's amazing and faster than tik tok,4,0.6000000000000001,Positive
very bad,1,-0.9099999999999998,Negative
ap excellent iam happy but i am not getting views and likes i think my account for stuck kindly check ones username :- zbx.vision,5,0.7999999999999999,Positive
good app,5,0.7,Positive
Good,5,0.7,Positive
insta id hryyyy__09,5,0.0,Neutral
good,5,0.7,Positive
my internet id for hack,5,0.0,Neutral
w app bro but I doom scroll too much currently no photos but yeah I'll start uploading soon,5,0.0,Neutral
nice aap for you all visit this aap excellent 👍👌,5,0.8,Positive
Keep shadowbanning my favorite creators and promoting misinformation and violence; now it's using Samsung internet by default eventhough i have it disabled. literally raping me with AI now😭 i hate you zuck I cant even search videos....its giving me a written ai response?? so unhelpful,1,-0.16666666666666666,Negative
Thank you for the good stuff on here. I should really get paid in this business. Thanks,5,0.36666666666666664,Positive
dear Instagram team! my account ( sky._.xngel)has been suspended please 🥺 recovery my account as well as possible 🙏🏻😭,3,0.0,Neutral
frzi aap h,5,0.0,Neutral
A app with all in one features.,5,0.0,Neutral
The meta verified badge price is high,3,0.16,Positive
আমার প্রোফাইল এ পোস্ট অপশন এর জায়গায় ফ্রেন্ড অপশন দেখাচ্ছে। কিন্তু আমি আগের মতই পোস্ট অপশন টা ফিরে পেতে চাই ।,1,0.0,Neutral
plzzz open my Instagram,5,0.0,Neutral
good,5,0.7,Positive
so good,5,0.7,Positive
"what's with the screen that comes up every time I press not interested on a video, it has a small x and undo on it ,",1,-0.1875,Negative
I love this which is very perfect,5,0.75,Positive
Horrible app,1,-1.0,Negative
It was good but now frustrated with this App 😤 Again And Again suspending and deleting my insta pages & Account without any clear reason no manual review available.,1,0.125,Positive
pretty cool,5,0.3,Positive
good to go,5,0.7,Positive
This is very amazing. I really love it... I like every thing of this app but when I installed this app I don't want to study more like in my prime time I distracted by this. That's why I rate it 4 out of 5. if you study well like in your prime so please don't install it if you install it then know that this app is the biggest distraction. THANK YOU. HAVE A NICE AND CHEERFUL DAY AND LIFE AHEAD. BIIIE 🤝👋👋,4,0.556,Positive
"I am extremely disappointed with Instagram for disabling my account without giving a clear reason or proper explanation. I have always tried to follow the Community Guidelines, yet my account was suddenly suspended and even affected my connected Facebook account. It’s frustrating to lose access to personal memories, messages, and connections because of what seems to be a mistake with no fair support process. Many users are experiencing the same issue and deserve real assistance.",1,-0.06999999999999999,Negative
🖤🖤🖤,5,0.0,Neutral
excellent app 👌🏿,5,1.0,Positive
thanks you Instagram 50k complete,5,0.15000000000000002,Positive
very good app,5,0.9099999999999999,Positive
I love it,5,0.5,Positive
❤️👍,5,0.0,Neutral
تبنيد بظلم,3,0.0,Neutral
Instagram removed my comments cause I identify as a frying pan 😔 disappointed,4,-0.75,Negative
Instagram Na mara accha Account ko bhi suspended kiya .. aur mara jitni id the Shara suspended kar diya hai .. bewajah account ko suspend kar raha hai Instagram..,1,0.0,Neutral
"Why did you suspend my Insta ID, What mistake did I make that my ID was suspended? You guys, my ID is still in u suspended .",1,0.0,Neutral
insta Good,5,0.7,Positive
i am very disappointed with this app. Instagram is banning accounts without any warning and without any reason. This is my request to fix this if it is a bug or if it is not a bug so please don't do this to the users. if anyone wants to hide ita identity due to some reasons then what's the problem in that. My 10 accounts are banned with integrity i haven't done anything wrong with those accounts. this is my humble request to Instagram team not to do this again with users.,1,-0.32,Negative
good,4,0.7,Positive
no follow my account,1,0.0,Neutral
"this app is cool but we users need a profile view function also notification that can tell us who unfollow or remove us from following list just as u let us know who follow us, like come on be more useful i mean of course i appreciate how this app helps me and i enjoy it but be more update full with things that help ur users ,,be more functional",3,0.2875,Positive
best for couples,5,1.0,Positive
स्टाइलिश जावेद लाल,5,0.0,Neutral
nice app,5,0.6,Positive
it's fame,5,0.0,Neutral
very good,5,0.9099999999999999,Positive
improve data security instead of unnecessary features,1,-0.4,Negative
i liket,5,0.0,Neutral
thankyou instgram,5,0.0,Neutral
عالیه,3,0.0,Neutral
nice experience,4,0.6,Positive
this is not fair instagram...my account was suspended yesterday even I appealed then uploaded my id then again uploaded my adhar still doesn't get my account back...there was restrictions on my acc that I can't go live or attend it for 365 days and I was fully following it ..then why suspended my acc why not them Those are fully uploading ai and vulgur stuffs..spreading vulgarity...u are supporting them and suspending our accounts even after following community guidelines ..this is not fair😭😭,1,0.007272727272727275,Positive
best,5,1.0,Positive
my experience with Instagram is perfect I love it meet new friends and learn different things on Instagram,5,0.40909090909090906,Positive
good app,5,0.7,Positive
give me the latest version of instagram I don't got the latest version.,2,0.5,Positive
uninstall !!!!!!!!,1,0.0,Neutral
good,5,0.7,Positive
"it's really amazing app for reals short videos, vibs",5,0.30000000000000004,Positive
super,5,0.3333333333333333,Positive
best app,5,1.0,Positive
I'm addicted... yay...,3,-0.4,Negative
fantastic,4,0.4,Positive
mera followers badado,5,0.0,Neutral
worsttttt ever!! without any reason... mah ids got suspended,1,0.0,Neutral
best,5,1.0,Positive
good 👍🏻👍🏻,5,0.7,Positive
good,5,0.7,Positive
best use for popularity in the world,5,1.0,Positive
به امید روزی که ما ایرانی ها هم بتونیم ازش بدون محدودیت استفاده کنیم 🙂🙂🙃🙃,5,0.0,Neutral
this is best 😄😊 app,5,1.0,Positive
fecebook,5,0.0,Neutral
I mean it's perfect it perfect,5,0.5625,Positive
wonderful,5,1.0,Positive
🙂,3,0.0,Neutral
restyle option is not showing on my Instagram story,1,0.0,Neutral
amezing,5,0.0,Neutral
not getting some new features 😕,4,0.13636363636363635,Positive
Great,5,0.8,Positive
excellent,5,1.0,Positive
best social media platform it's is easy connect to people with really good,3,0.5416666666666667,Positive
@ktm.390.rahulk. 10k it suspended,2,0.0,Neutral
super in an i.maxxa__,5,0.3333333333333333,Positive
best for wasting your best time,1,1.0,Positive
Super,4,0.3333333333333333,Positive
kind of useless application . it waste my lot of time on buzz reel scrolling and fake ads or fake pramotion . i prefer not to download again either uninstall now ..,2,-0.22000000000000003,Negative
"the fact that we see more suggested content and people than the people we follow is insane. reels are so glitch to post, and the limit on hashtags is so stupid.",1,-0.4333333333333333,Negative
besrese,5,0.0,Neutral
it's very easy to navigate,5,0.5633333333333334,Positive
amazing experience 🌟,4,0.6000000000000001,Positive
"I've been experiencing major technical issues with Instagram lately. My account was suspended yesterday, and while I attempted to appeal the decision,I never received the verification code in my email. Thinking it might refresh the session, I logged out, but now I'm completely locked out. Even the 'forgotten password route fails, showing 'unable to log in, please try again later.' This is incredibly frustrating. Please lookinto these login bugs and fix this as soon as possible.username jit_flexx",1,-0.1921875,Negative
I genuinely dont understand the thought process behind adding new features nobody ever asked for,1,0.04545454545454545,Positive
instagrame suspend my acount without any 😠😠,5,0.0,Neutral
because this app suspend my account 😭,1,0.0,Neutral
WHY DID IT TAKE AWAY MY ABILITY TO SEND IMAGES,2,0.0,Neutral
wow,2,0.1,Positive
best for all,5,1.0,Positive
"please bring back the mute reel feature, please we beg you",4,0.0,Neutral
Asomt rain,5,0.0,Neutral
mein ye ek star bhi nhi dena chahta hu kyo ki bina rijan se meri I'd suspend kar di hai instagram ne or mene bohot koshish ki hai wapas chalu karne ki but mera account nhi opan ho raha hai bohot video bhi dekh li but open nhi ho Raha hai...?,1,0.0,Neutral
restyle feature is not working ! bad service,1,-0.6999999999999998,Negative
Nice app,5,0.6,Positive
I like this app it's 🥰,5,0.0,Neutral
stop suspending my account 😡,5,0.0,Neutral
👍,5,0.0,Neutral
Ok naman,5,0.5,Positive
I recently had my Instagram account permanently disabled without a clear reason and without the option to review the decision. I had important personal photos and memories on that account. I believe this may be a mistake and I would really appreciate if the account could be reviewed and restored. The lack of clear explanation makes the experience very frustrating for users i wish they asked for at least a video or any form of id to bring back my accs with lots of memories leading back to 2018.,1,-0.020000000000000004,Negative
instagram is very disappointing my 7 accounts were suspended in 2 weeks for no reason of there there is something unusual you fond in my account then pls inform but suspending for no reason is not a good thing it is really shameful for you . *f you can operate then pls close entire app . Will be glad if you do so,1,-0.03833333333333333,Negative
social media in public 🔥🔥,5,0.016666666666666666,Positive
All my account get banded without reason,1,0.0,Neutral
good,5,0.7,Positive
"Letrelly the app Instagram is spoiling our culture our moral values, spoiling the future of teenagers. 100% of so called social Enfluencers spreading wrong messages to our society for few views and likes. actually all the Elitrate presong have a Instagram account for spreading wrong messages for relationship, wrong messages for our culture and society.",1,-0.20833333333333334,Negative
"devilbacha07 1w Dear Instagram Team, my account (@priyanshiiirao5 has been deactivated. 563 I believe this is a mistake as I have always followed all community guidelines and terms of service. I request you to please review my account and reactivate it as soon as possible. Thank you for your time and assistance",5,0.0,Neutral
so good,5,0.7,Positive
very poor app do not download,1,-0.52,Negative
this app is crazy I don't like it's working,1,-0.6,Negative
mare ma nickname ka nwe opsilan nhe aa rha mare id ka name abhishek_freefire_99,1,0.0,Neutral
it is more efficient and we can hold in other privacy and other accountability and it's a good app contact express it in words,5,0.2375,Positive
Awesome ⭐⭐⭐⭐⭐,5,1.0,Positive
too many glitches in this third class app,1,0.25,Positive
બહુત મસ્ત,5,0.0,Neutral
vinod Kumar,1,0.0,Neutral
my id is suspend,5,0.0,Neutral
best app,5,1.0,Positive
💫,5,0.0,Neutral
keep your go just updated,5,0.0,Neutral
🥰,5,0.0,Neutral
this is a good app but some new updates are not coming in my phone and they are also not providing update option of my instagram,3,0.41818181818181815,Positive
perfecttt,5,0.0,Neutral
it's good but old Instagram was best,3,0.6,Positive
rajsonkar 100k,4,0.0,Neutral
Hii instagrap my account is supposed is please 🥺 recover kar do my Instagram is name aryan_x.093 please,5,0.0,Neutral
great app but update is 😵‍💫,3,0.8,Positive
very good platform. I m very enjoy,5,0.715,Positive
nilipenda gafla hiii,4,0.0,Neutral
"""My account was suspended by mistake. i'm the real owner of this account and i follow instagram community guidelines. please review my account",5,0.2,Positive
i love this app!!!,5,0.9765625,Positive
Good app,5,0.7,Positive
"App has a bug on Android where videos will no longer play unless you force stop the app and clear the cache, but by the time you reach that point, the feed has changed and you'll never find that video again",2,0.09999999999999999,Positive
supar,5,0.0,Neutral
nice,5,0.6,Positive
calls not good,1,-0.35,Negative
amazing 😍,5,0.6000000000000001,Positive
delete for you option ia not working,5,0.0,Neutral
lmao,1,0.6,Positive
it's a very nice app 🙏🏻🤟🏻,5,0.78,Positive
"I am unable to log in on my device only. My Instagram accounts work properly on other devices, but on my Google Pixel 8 the app always shows “wrong password” even when the password is correct. I have already tried: - reinstalling the app - clearing cache and data - changing internet connection - resetting password - waiting more than 7 days Please check if my device has been mistakenly restricted or blocked.",1,-0.125,Negative
It was a bad decision to remove end to end encryption from chats,1,-0.6999999999999998,Negative
Best platform 👏 🙌 👌,5,1.0,Positive
amazing,4,0.6000000000000001,Positive
فيه بعض المشاكل من اتابع بنت انحظر,3,0.0,Neutral
good app,5,0.7,Positive
entertaining,5,0.5,Positive
"kebanyakan iklan dungu, 1 atau 2 scroll udh iklan aja",1,0.0,Neutral
plz I beg to you plz unsuspend my account plz I request to you plzzzz,2,0.0,Neutral
Don't Showing Restyle feature,1,0.0,Neutral
Grt app,5,0.0,Neutral
best app ever,5,1.0,Positive
Dear Instagram you have suspended 3 accounts of mine claiming that they are fake. there are lots of Instagram pages which is running by people why don't you suspend them??,1,-0.5,Negative
worst app... my all id got suspended with out any reason,1,-1.0,Negative
instagram update asay nai akn o😭,1,0.0,Neutral
shandar,5,0.0,Neutral
"I’m very upset with Instagram. Yesterday my account got disabled, and even after I submitted an appeal, received the code, and completed the face scan, my account is still not opening. What is this, Instagram? Please fix this as soon as possible. I want my account back as quickly as possible.",1,0.0,Neutral
"Instagram is much better than Facebook in the matter of cyber abuse, hate speech, bullying, etc",4,-0.15000000000000002,Negative
don't download this app it get login in other phone without your permission,1,-0.125,Negative
instagram has become horrible full of sex bots and scammers,1,-0.325,Negative
ek number ka bekar App hai. iye id suspend kar diya 🤬🤬🤬🤬🤬🤬🤬,1,0.0,Neutral
kodamsuresh. ledistiolars,5,0.0,Neutral
id ban again and again without any reason no one support no one can reply my email and solve this problem 🤬🤬,1,0.0,Neutral
Report system not work useless,4,-0.5,Negative
❤ 😍 💖 love Instagram,5,0.5,Positive
Very Good Instagram,2,0.9099999999999999,Positive
why instagram why are you suppand my account without any reason you suspend my 3 4 accounts why and my one more was suspended why give me a reason,2,0.5,Positive
more interesting and enjoyable,5,0.5,Positive
👍👍👍👍👍,4,0.0,Neutral
too good👌🏻👌🏻❤️,5,0.0,Neutral
This app is and also can also costly experience for no reason why and you can browseing your favourite art works any thing you can browseing and wouldn't recommend this app because it does work on Mobile phones I'm giving reviews 4 out of 3star's and 3 out of 4star's and 4out of 4star's Excellent and fantastic and app wouldn't recommend anyone shouldn't get this app this app cost that's all My Rate this app reviews from Miss Sarah Rose Supronas.Yes I'm happy this app.StillKeep things positive,4,0.6054545454545454,Positive
❤️❤️❤️❤️❤️❤️❤️,5,0.0,Neutral
"this is so frustrating two of my accounts have been suspended or disabled for no absolute reason. This is getting annoying instagram, you're not giving us a response too and your AI is just having a lot of problems so please fix it",1,-0.375,Negative
You summited an appeal Dear Instagram team I am having a problem when I went to open my Instagram account they show choose Summit it appeal and I still follow your community guidelines please fix my problem thank you,5,0.0,Neutral
super,5,0.3333333333333333,Positive
This app help me to make friends,4,0.0,Neutral
I really like this app but I don't know why people are telling it trash,5,0.2,Positive
very nice and also safety,5,0.78,Positive
very nice i am full happy,4,0.6433333333333333,Positive
It's very good but why are you not making my videos viral?,5,0.9099999999999999,Positive
bat nasa giled instants hahaha pang ewan imbes na kilegin sa kausap e mapapawe ng asem sa instant ng ropa,1,0.1,Positive
f***u aPp,1,0.0,Neutral
I love Instagram,5,0.5,Positive
The best social media app,5,0.5166666666666667,Positive
good app,5,0.7,Positive
it good,5,0.7,Positive
I like it this aap but It Distracts my study,1,0.0,Neutral
id suspended,1,0.0,Neutral
super app,5,0.3333333333333333,Positive
wow,5,0.1,Positive
problem alorgythem mane problem alorgythem,1,0.0,Neutral
mera account shadow ban h please thik kar do😍😍😍😍😍😍😍😍😍😍😍,5,0.0,Neutral
wow,5,0.1,Positive
Wonderful for your type of people finding...,5,1.0,Positive
"I'm having trouble opening my Instagram since today evening ,it was said that there was some bug in the app.I hope you fix it soon",3,-0.2,Negative
Add a suspense Kar Di Hai Meri Usko Sahi karne ke bare mein bataen Aisi kaun si galti kar di thi Jo Id se send kar do,5,0.05,Positive
kuldeeppopawat.007,5,0.0,Neutral
nice aap,5,0.6,Positive
nice,5,0.6,Positive
mere 6 account suspended ho gaye he yarr kyu,1,-0.5,Negative
very excellent platform 💯,5,1.0,Positive
isse g*ndm*ra app nahi dekha Abe khud ki hi id login nahi kar paa rha hoon password change bhi Kiya tab bhi wrong password,1,-0.5,Negative
👍,5,0.0,Neutral
nice👌👌,5,0.0,Neutral
"Remove this sidebar from message box, this new update is so irritating",1,-0.13181818181818183,Negative
"Meta suspended my account because its AI falsely accused me of something disgusting. Please stop using Meta AI to monitor accounts, it's defaming people's characters and I want my accounts reinstated!",2,-0.7000000000000001,Negative
entertainment,5,0.0,Neutral
"Dear Instagram Team, I hope you are doing well. My account (bittu_vaishnav11) has recently been deactivated, and I believe this may have happened by mistake. I have always made sure to follow all community guidelines and terms of service while using the platform. I kindly request you to review my account and verify if there has been any misunderstanding. If possible, please reactivate my account at the earliest. This account is very important to me, and I would truly appreciate your support in",5,0.324,Positive
this is a good app this Best friend,5,0.85,Positive
love you Instagram,5,0.5,Positive
Addicting...,5,0.0,Neutral
nice,5,0.6,Positive
very good👍,5,0.2,Positive
very very good app 👌🏻 👍 😊,5,0.9099999999999999,Positive
instagram suspend problem h,5,0.0,Neutral
awsome features updated,5,0.0,Neutral
bohot mast app h lekin youtube on top,5,0.5,Positive
duggi dhunde ki jagha,5,0.0,Neutral
ok,5,0.5,Positive
please solve comment see more option we are pressing but it not working,5,0.5,Positive
bste..instagam...👌❤️,5,0.0,Neutral
very good app thanks for Instagram owner,5,0.5549999999999999,Positive
best 💯,5,1.0,Positive
Account disable,1,0.0,Neutral
it's so useful,5,0.3,Positive
tge best social media platform 🙌 👌 👏 💯,5,0.5166666666666667,Positive
"Please fix your app, a lot of people have been getting banned for no reason. it's pissing me off, imagine my new account hasn't even lasted a week and suddenly you ban without any reason.",1,0.06818181818181818,Positive
good app very interest super,5,0.41111111111111104,Positive
I love you 😚 everybody 💞😘,5,0.5,Positive
2m followers,5,0.0,Neutral
"this app is soo good, but I request u Instagram plz make my reels go viral 🫶",4,0.7,Positive
👍,5,0.0,Neutral
sahil Bharwad 66,1,0.0,Neutral
Where's the racism so I can avoid it,5,0.0,Neutral
jo id bna rha hu sari id delete kar rhe hai is se acha toh me facebook chla lu par facebook ka bhi udva diya in logo ne Instagram company app band krdo apna aur kripya krke aisa bakwas app koi install na karen,1,0.0,Neutral
can you upload your video will start,5,0.0,Neutral
good,5,0.7,Positive
that’s application obsoletely good,4,0.7,Positive
منعتنهتونهنافلةتنن,5,0.0,Neutral
Instagram Mera account report Ho Gaya,2,0.0,Neutral
Perfect app,5,1.0,Positive
Smooth and cool app,5,0.375,Positive
love you,5,0.5,Positive
Best app,3,1.0,Positive
my id suspended without any reason and he dost not take sch id card and etc,1,0.0,Neutral
cant upload tax info. every time some error occurs,1,0.0,Neutral
super super 🤟🏻,5,0.3333333333333333,Positive
I love it,5,0.5,Positive
my filter not showing id name xyz. __hero,5,0.0,Neutral
good aap,5,0.7,Positive
reel reach,5,0.0,Neutral
good,5,0.7,Positive
best app,5,1.0,Positive
ye app me thora sa galti hone par account band kar deta hai,1,0.0,Neutral
it helps social life,4,0.03333333333333333,Positive
is a vere goooood,5,0.0,Neutral
good,4,0.7,Positive
I can't sow is ristyali filter with instagram story,1,0.0,Neutral
"this app good for socialism ,but nowadays instagram spending ids without any Pacific reason.. if you made new I'd from other emails or phone number still instgram spend your I'd ....I am very disappoint with this mistake 😡",5,0.2278409090909091,Positive
KalluKumar Chauhan ji ❣️,5,0.0,Neutral
"I was suspended for no reason, and no matter how I made a new account, it directly became suspended for the reason that it's connected to my suspended account. Currently disappointed knowing that I badly need to have my Instagram account for school purposes. How I wish, I can still retrieve my account. I badly and urgently need it.",1,-0.38272727272727264,Negative
nicy,5,0.0,Neutral
Shahid babu Instagram,1,0.0,Neutral
absolutely garbage There’s a lot of inappropriate content and So many people are getting banned unfairly because of AI moderation,1,0.06666666666666665,Positive
"🤬😥 I can’t take it anymore without reporting this issue. I’m using a Redmi Note 13 Pro+ 5G (Indian variant), which is one of the best smartphones I’ve owned. However, while using the Instagram app, the scrolling experience is not smooth at all. I don’t know what kind of bug this is in the Facebook app, but it seriously affects the user experience. Can Instagram fix this problem in a future update?",1,0.21333333333333332,Positive
lucky Ali Khan Adrian levy Vasundhara Raje to discuss with you too baba khai la ki mo,5,0.3333333333333333,Positive
Learn more,5,0.5,Positive
"most powerful platform for entertainment and learning and virtual community, brand building",5,0.4,Positive
💗🥂🖇️,5,0.0,Neutral
very good,5,0.9099999999999999,Positive
best app ever so guys yea I love this app very very much good luck to the people who will use the app because u can do almost anything but yea love love the app very much the best wow impress alot bye,5,0.57,Positive
good,5,0.7,Positive
nice,5,0.6,Positive
nice experience 😄,4,0.6,Positive
good,4,0.7,Positive
feeling good,5,0.7,Positive
Dowwnlode nhi ho rha h,5,0.0,Neutral
great,5,0.8,Positive
meri ID suspend hogi,5,0.0,Neutral
very cool ngl,5,0.45499999999999996,Positive
i can't log in even with the correct password,1,0.0,Neutral
"so nice app,, i like it",5,0.6,Positive
I love this app cause it's very entertaining,4,0.575,Positive
bekar app hai 😭,1,0.0,Neutral
very Kool app.,5,0.2,Positive
❤️,3,0.0,Neutral
Super awesomeness,5,0.3333333333333333,Positive
🤍,5,0.0,Neutral
At first I loved Instagram alot and I'm using Instagram since 2014 but now my account keep getting banned for no reason. Instagram banned my 20 accounts and I'm not gonna install Instagram again I hate Instagram 🥲,1,0.04999999999999997,Positive
🧿,5,0.0,Neutral
nice,5,0.6,Positive
Instagram is the best app no words for it 🥰❤️,5,1.0,Positive
😂,5,0.0,Neutral
best,5,1.0,Positive
I hate this instant feature.,5,-0.4,Negative
best app,5,1.0,Positive
trash bans for no reason,1,0.0,Neutral
dirty aaappoo.,1,-0.6,Negative
bestest app ever,5,0.0,Neutral
good appp,5,0.7,Positive
this app is good ..because in this we can be connected with are loved ones 🥰,3,0.7,Positive
🥰🥰🥰,5,0.0,Neutral
"“অ্যাপটি খুব ভালো কাজ করে, ব্যবহার করতে সহজ এবং দ্রুত।” “ডিজাইন সুন্দর, পারফরম্যান্সও অনেক ভালো লেগেছে।” “দৈনন্দিন কাজে অনেক সাহায্য করে, ধন্যবাদ ডেভেলপারকে।” “অনেক উপকারী একটি অ্যাপ, সবাই ব্যবহার করতে পারেন।” “খুব স্মুথ এবং ইউজার ফ্রেন্ডলি অ্যাপ, আমার ভালো লেগেছে।”",1,0.0,Neutral
my instagram account hacked ho gya hai,5,0.0,Neutral
still fav🫂🍻,5,0.0,Neutral
good perfect social apps,5,0.5777777777777778,Positive
🎯,5,0.0,Neutral
nice,5,0.6,Positive
சேலம் செல்லம்,5,0.0,Neutral
"""Dear Instagram Team, my account (Shivchanda06) has been deactivated. I believe this is a mistake as I have always followed all community guidelines and terms of service.1request you to please review my account and reactivate it as soon as possible. Thank you for your time and assistance.",5,0.0,Neutral
new update is so bad to user,1,-0.28181818181818175,Negative
"Whenever i watch the reels somenof times reels showing as like burl, here with attached picture for your reference and solve this",1,0.0,Neutral
This is a completely useless and bad app I have been using this app for 4 years and now I don't know what is going on in this app. My every account is getting suspended. There is no benefit of such social media app which makes someone sad. I would like that at the most this app should be deleted and uninstalled. The entire reputation of this app should be ruined so that the management of Instagram should pay attention to this that they should not suspend the IDs of such innocent people by mayank,1,-0.07407407407407403,Negative
very interesting app,5,0.65,Positive
this is a good social media platform but It would be better if they stopped offering exclusive content.,4,0.41111111111111115,Positive
it' is very nice,5,0.78,Positive
best experience ever,5,1.0,Positive
❤️,5,0.0,Neutral
👌👌👌,5,0.0,Neutral
esse ye pta chalta h ki es ki kasi soch h 🎱,5,0.0,Neutral
nice,4,0.6,Positive
good,4,0.7,Positive
discrive att good 😊,5,0.7,Positive
dirty app,1,-0.6,Negative
Instagram,5,0.0,Neutral
very nice 👍,5,0.78,Positive
👍,5,0.0,Neutral
ହରପ୍ରିୟ ନାଇକ ଦେଉ ଳ ପର୍ତ,5,0.0,Neutral
🌹🎊,5,0.0,Neutral
good,5,0.7,Positive
bahut badhiya,5,0.0,Neutral
good,5,0.7,Positive
good good very very good,5,0.7699999999999999,Positive
my language preference is english still caption translate into bengali,3,0.0,Neutral
super,5,0.3333333333333333,Positive
"Instagram is useless, it's suspending everyone's account unnecessarily. My 7-year-old account was suspended, and all the accounts I created have also been suspended. If Instagram can suspend its own downloader's account, then it's not right to trust Instagram. Or if the Instagram teams members don't unsuspend my account, then Instagram is not worthy of keeping privacy safe. my request to instagram team members unsuspended my account, (@insta_ziaul)",1,-0.018253968253968262,Negative
not working properly,1,0.0,Neutral
just love the app!!!,5,0.9765625,Positive
super app,5,0.3333333333333333,Positive
Best app,5,1.0,Positive
best 👌,5,1.0,Positive
nice app,1,0.6,Positive
my account has been suspended why instgram 😭😡,1,0.0,Neutral
good experience,4,0.7,Positive
"​My account was deactivated for unknown reasons. I submitted an appeal and was told to wait until May 5th for a response. It is now May 16th, and I still have received no information or updates regarding my account status. Please address this delay and restore my access.",2,-0.1,Negative
matlab alaghi level ka app hai,5,0.0,Neutral
🤌🏻,5,0.0,Neutral
op,5,0.0,Neutral
very nice,3,0.78,Positive
nice 👍,5,0.6,Positive
Mera Instagram suspend ho chuka hai,1,0.0,Neutral
meta suspend my acc for no reason bruh i hate ittt,1,-0.8,Negative
nice👍🏻💗,5,0.0,Neutral
"I love you, Instagram, so much! You're a truly amazing app!",5,0.5,Positive
i have use this app in 5 years but this app is iam created new account but my devices to insta account forgot password to say but I click forgot password but insta response to me something went not open my account my email login account example ipad this so very unfair and this is worst 😡👎 response to me,1,-0.3784090909090909,Negative
horrible nowadays nothing is working messages are disappearing and i gotta delete the whole app and download it back again just to see older messages,2,-0.15833333333333335,Negative
good,4,0.7,Positive
It has it's troubles at times but overall great🫰🏾,4,0.0,Neutral
It's not working well.,2,0.0,Neutral
"bad app, bcz she did not use .",1,-0.6999999999999998,Negative
"Subject: Wrongful Account Suspension and Device Login Issue Hello Instagram Support Team, I am facing a serious issue with Instagram for several days. My accounts are getting suspended or restricted even when I am not violating any community guidelines. I have already tried: reinstalling the app, clearing cache and data, changing networks, using different accounts, waiting for many days without activity, and troubleshooting my device completely. Despite this, new accounts are also getting ban",1,0.033766233766233764,Positive
very good app,5,0.9099999999999999,Positive
good,5,0.7,Positive
🥰🥰🥰🥰waw,5,0.0,Neutral
😀😈,5,0.0,Neutral
it's very useful.,4,0.39,Positive
your ig is trashh,1,0.0,Neutral
i really enjoy the app it allows me to connect with people,5,0.4,Positive
Very nice,5,0.78,Positive
mare video million people tak pahuchane par madad karo,5,0.0,Neutral
It's a good app if you're board and need some dopamine,4,0.7,Positive
It is totally beautiful,5,0.85,Positive
best app,5,1.0,Positive
my account this is rik ar please,5,0.0,Neutral
Very useless,1,-0.65,Negative
👍,5,0.0,Neutral
best app ever,5,1.0,Positive
Super app this is helpfull,5,0.3333333333333333,Positive
"Instagram Not very good. My account has been suspended for no reason and whenever I open an account, those accounts are being suspended again and again. So please, don't download Instagram.",1,-0.13461538461538458,Negative
Everything runs smoothly all the time when using this app,5,0.4,Positive
i cant send picssss,3,0.0,Neutral
waste of time yes wastage,5,-0.2,Negative
my favourite app,5,0.0,Neutral
my many accounts are suspended 😔,1,0.5,Positive
nice.have no words,5,0.0,Neutral
"I have been locked out from my own account and it doesn't let me in no matter how I try. I tried resetting my password, reinstalled the app quite a few times, it doesn't even accept the updated password nor the verification code. I can log in from the website but the app doesn't let me, been waiting for more than 24 hours now but it still doesn't work. FYI, I even deleted the folders from the internal storage. Very frustrated!",1,-0.020000000000000018,Negative
Good,4,0.7,Positive
good app,5,0.7,Positive
something went wrong,3,-0.5,Negative
"I was using Instagram normally with no issues, and suddenly I couldn’t log into two of my accounts. One got disabled without a clear reason, and both accounts had their passwords changed unexpectedly. The appeal process is slow and gives no updates, and the login/recovery system is buggy, it sometimes logs into the wrong account or shows errors. For such a large platform, the lack of proper support and reliable account recovery is extremely frustrating.""",1,-0.07597402597402599,Negative
good,5,0.7,Positive
"There’s no point in posting content on Instagram anymore. They ended my 6 months of hard work in one moment by disabling my Instagram account 😭😭.. Don’t download it, otherwise you’ll regret it for life 🥺😫 I’ve submitted so many appeals, but nothing is happening.. They suspended my 2 main accounts even though I didn’t do anything wrong 🥹🥺",1,-0.03125,Negative
good,5,0.7,Positive
nice,5,0.6,Positive
suspended my old id i hate instagram,1,-0.35000000000000003,Negative
remove instinct option new update,1,0.13636363636363635,Positive
niceeee,5,0.0,Neutral
sonukaloudi,2,0.0,Neutral
niklo instagram walo sab ki is ban kar ne me tum sab ko mja a rha ho ga dallo,5,0.0,Neutral
free time timepass,5,0.4,Positive
why I can't access my Instagram without any reason so irritating,1,-0.4,Negative
best,1,1.0,Positive
it is nice app,5,0.6,Positive
very very bad,1,-0.9099999999999998,Negative
good,5,0.7,Positive
This app not open,5,0.0,Neutral
jindgi barbad app,1,0.0,Neutral
updated karne ke baad bhi call nahi ho raha baar baar update mang raha,1,0.0,Neutral
add a Snapchat filter and filter name is vivid Azar snap filter,1,0.125,Positive
best aapp,5,1.0,Positive
it's good,5,0.7,Positive
it was delightful,4,1.0,Positive
isse accha platform aaj tak nahi aaya or ye godi Media se kai gunaah behtar h 🤭,5,0.0,Neutral
amazing 😍 experience,5,0.6000000000000001,Positive
❤️❤️❤️❤️ good,5,0.7,Positive
nice app,5,0.6,Positive
Nice App,5,0.6,Positive
"my repost ""drop an emoji"" isn't working well its hanging.. very 👎🏻",1,0.2,Positive
I love instagram 💘,5,0.5,Positive
I am not able to see this application on my phone. Nor am I able to uninstall the application. I mean what kind of joke is this.,1,0.134375,Positive
"Dear Instagram Team, my account (yourusername) has been deactivated. I believe this is a mistake as I have always followed all community guidelines and terms of service. I request you to please review my account and reactivate it as soon as possible. Thank you for your time and assistance.""",4,0.0,Neutral
"Hi Instagram, I want my ID back please..🥺Instagram help me, you did not do well, you suspended my ID, I was using my ID for 4 years, still you suspended my ID Please give me my ID back.. give me my ID on Instagram. My ID is aashish_vaishnav..🥺😭",5,0.0,Neutral
good 👍,4,0.7,Positive
very bad,5,-0.9099999999999998,Negative
"I am incredibly disappointed and furious with Instagram. Out of nowhere, they permanently disabled my account for absolutely no reason. I haven’t violated a single community guideline, yet my entire digital footprint has been wiped out instantly. This isn't just an app; it’s a platform where people store years of memories, connect with loved ones, and build businesses. By arbitrarily shutting down accounts without giving a proper explanation or any real way to appeal, they are literally playing",1,-0.03974867724867725,Negative
Kiss,5,0.0,Neutral
"worst experience unnecessary banned my account I didn't do anything against community still ban 😭 even new accounts getting banned what should I do now , plz fix this issue",1,-0.4212121212121212,Negative
"udh cape scroll foto, pas dipnct malah ga kekirim",1,0.0,Neutral
nice app,5,0.6,Positive
why my reels on feeds can't open full screen? my phone is poco f7,5,0.175,Positive
naic aap 👍🏻,5,0.0,Neutral
bad,1,-0.6999999999999998,Negative
nice,5,0.6,Positive
