review_id,review_text,rating,date,bank_name,source,sentiment_label,sentiment_score
6c401a9f-889f-479e-a212-b37250194bb7,i love this bank and mobile banking of Comercial bank of Ethiopia,5,2026-05-18,CBE,Google Play Store,Positive,0.5
6455da61-e22c-43a4-a91e-395e19c91c03,ይህ አፕ ለምንድነው ሌላ ቀፎ ውስጥ ያለውን SIM ፕኒ ኮድ ስናስገባ የማይሠራው እባካችው ሲቢ አካውንት ያለበት በዚህ ቀፎ ስለማይገባ እንዴት አድርጌ ሌላ ቀፎ ውስጥ ያለውን CBE አካውንት በዚህ ፎን መጠቀም እንደምችል ምከሩኝ፡፡,4,2026-05-18,CBE,Google Play Store,Neutral,0.0
844a75c6-b88b-4dd7-9bda-3b7667ae4d33,good,1,2026-05-18,CBE,Google Play Store,Positive,0.7
bef30e02-f4e9-4c7d-a27e-9e2adb1d1002,"bad at processing, wht do u mean by I can't make payment out of now where when I don't have no money or atm in my pocket this is really bad payment methods I wish I could give u guys 0 star",1,2026-05-18,CBE,Google Play Store,Negative,-0.5708333333333332
4283e584-c544-4d04-878d-3a229a173aca,good,4,2026-05-18,CBE,Google Play Store,Positive,0.7
940f0b3a-a023-4ac9-84dc-a6c51bcb67df,simple to use,5,2026-05-18,CBE,Google Play Store,Neutral,0.0
a0798bb4-8f8a-495f-814c-598410e4fbed,commerali bank,1,2026-05-18,CBE,Google Play Store,Neutral,0.0
9c4ea3c5-3265-427c-8b66-f8023f1c19f6,good,5,2026-05-18,CBE,Google Play Store,Positive,0.7
c98e888a-eb6d-4ecf-8c0a-95df948c72a6,Good,5,2026-05-18,CBE,Google Play Store,Positive,0.7
de1952f6-525f-4920-8aad-311c22b87a47,I have an account of cbe when i open the account it says you are blocked ? why ???,1,2026-05-18,CBE,Google Play Store,Neutral,0.0
44555c2e-b8bb-4c71-b739-8e3ad22138fe,👌👌👌,5,2026-05-18,CBE,Google Play Store,Neutral,0.0
59f65bd1-a5f7-4f88-bb73-6e0a452317a1,pels,5,2026-05-18,CBE,Google Play Store,Neutral,0.0
0cf149ea-af00-4e00-8458-d2428d928589,What an excellent app with smooth performance !!,5,2026-05-18,CBE,Google Play Store,Positive,0.8125
523d4953-abb1-4f53-b478-51c951aefcb0,በጣም ጥሩ ነው እነማሰግነለን,5,2026-05-18,CBE,Google Play Store,Neutral,0.0
79aecee0-a711-4a4a-96bd-e9836c4afd12,svabst keessatti argamu yoo ta'u yeroo ammaa kanas namoonni Finfinneerraa damee barnootaa isa keessatti argamu yoo ta'uu kan danda'u kan ujummoo Hala keessatti uummata Oromoo kan ujummoo dhiigaa ni jabeessa malee duuba akkan qabu natti kan ujummoo dhiigaa ni dabalu kan raawwatame yoo ta'u kan ujummoo dhiigaa ni jabeessa ta'e fudhachuuf ru kan ujummoo Hala app yoo ta'u kan akka hin taane kan akka baakteeriyaa irraa kan ujummoo Hala kan ujummoo dhiigaa ni,5,2026-05-18,CBE,Google Play Store,Neutral,0.0
72fd0808-c8f7-435a-8337-0308012763da,nays,5,2026-05-17,CBE,Google Play Store,Neutral,0.0
67f82d81-ca79-46d0-a53b-e610fbce7950,very very good 👍 thanks commercial bank of ethiopia 🤩😘💯,5,2026-05-17,CBE,Google Play Store,Positive,0.36999999999999994
b935e67f-b51d-4bd9-bc10-9cbd23531770,fantastic,5,2026-05-17,CBE,Google Play Store,Positive,0.4
9f0c0b92-5087-496f-98e2-60a97f2076d1,very nice,5,2026-05-17,CBE,Google Play Store,Positive,0.78
7b8203d4-e95a-4693-b2ea-3e35a6aa797d,f*k,1,2026-05-17,CBE,Google Play Store,Neutral,0.0
60e3a921-2d6b-44a8-bb4b-636af4637b83,The Bank You can Always Rely on!,5,2026-05-17,CBE,Google Play Store,Neutral,0.0
92e988a8-485c-4691-90ff-4005e0f0b3b7,Please make the CBE Noor toggle to be optional just because I have another account that happened to be CBE Noor it doesn't mean I want to see the moon and mecca. I have to be able to disable it. the toggle doesn't work it changes back everytime it refreshes. it is really annoying,2,2026-05-17,CBE,Google Play Store,Negative,-0.153125
d7c8285b-d811-4738-ba6e-98014135b5a3,Amazing App,5,2026-05-17,CBE,Google Play Store,Positive,0.6000000000000001
850f1e2d-aae6-421d-a6b3-c9432282494e,It stopped working on its own. When you check your balance it does not show the amount before deductions.,1,2026-05-16,CBE,Google Play Store,Positive,0.6
6ee9184e-c4a8-4856-86f0-4d2566976b4c,"The most backward and unstable financial app in the market. It requires updates in which nothing changes, it is slow snd just an annoying application. Don't install it!",1,2026-05-16,CBE,Google Play Store,Negative,-0.2
2ae8efd1-7515-4a39-a2dd-7f3e84ee190a,ok,5,2026-05-16,CBE,Google Play Store,Positive,0.5
f11ba9ef-c1a1-4006-9ead-afb585624f63,Good,5,2026-05-16,CBE,Google Play Store,Positive,0.7
5c08f975-fcca-4b2d-8044-25490b83e988,🤙🏼🤙🏼,5,2026-05-16,CBE,Google Play Store,Neutral,0.0
c1e25b5d-7e79-4b60-8aa5-bed69a904f62,worst,1,2026-05-16,CBE,Google Play Store,Negative,-1.0
eb3cc438-1c10-4e72-8851-3efff6a04135,this app very full,5,2026-05-16,CBE,Google Play Store,Positive,0.45499999999999996
f8209985-ea16-4f28-bb48-d6a7276f0f08,good apps,4,2026-05-16,CBE,Google Play Store,Positive,0.7
a983bc98-7ea7-4ac6-8fed-039ed2a7de0a,ok,5,2026-05-16,CBE,Google Play Store,Positive,0.5
f0f249ac-ba95-4ad8-ad1d-c435693b7bf9,"this update got crazy i don't know what's going on this app it's mal functional and loading........... like 2G ,Haha",1,2026-05-15,CBE,Google Play Store,Negative,-0.19999999999999998
31cf1f70-1cd8-427c-9cd5-1ccb4113facf,thanks for you 😘,5,2026-05-15,CBE,Google Play Store,Positive,0.2
7019e213-93dc-4f00-bff3-80cfb80e5d3a,it's okay,4,2026-05-15,CBE,Google Play Store,Positive,0.5
ba0c5d66-8085-4bff-908b-f553c7b14ff5,It's not allowing me to transfer money.,2,2026-05-15,CBE,Google Play Store,Neutral,0.0
377120dd-1d3e-47ad-a715-c0a538c5d33f,IT'S NOT WORK ON HUAWEI DEVICES,4,2026-05-15,CBE,Google Play Store,Neutral,0.0
46357e27-661d-4136-bf66-ca7bb91e1427,wow,4,2026-05-14,CBE,Google Play Store,Positive,0.1
bfc27568-1471-4937-934f-e5325ea96f46,nice app,5,2026-05-14,CBE,Google Play Store,Positive,0.6
9d8ba9a5-4899-4af9-bef1-f12a5dfd7f3a,formative,5,2026-05-14,CBE,Google Play Store,Neutral,0.0
07dea887-2fcf-446c-ac8d-753be7c90256,best app for financial activities 🙌,5,2026-05-14,CBE,Google Play Store,Positive,0.5
74bf72d1-d6ce-4bd7-9a4d-3950846e5aba,yoroo namaste 🙏 ♥️ ❤️ 💖 💖,5,2026-05-14,CBE,Google Play Store,Neutral,0.0
0e691771-0024-4326-b71f-1685b91dc83d,incredible,5,2026-05-14,CBE,Google Play Store,Positive,0.9
982b1262-3d54-4a12-811a-8b26b7ecc777,best app for financial sector,5,2026-05-14,CBE,Google Play Store,Positive,0.5
06f6640c-b65c-43e4-88ef-0a79be8b9534,it's a good application,5,2026-05-13,CBE,Google Play Store,Positive,0.7
eda74236-f7f3-4422-a139-a181e832bc27,thank you cbe,5,2026-05-13,CBE,Google Play Store,Neutral,0.0
ff53332b-2e76-46d6-83d3-f93f968a4b18,is good,5,2026-05-13,CBE,Google Play Store,Positive,0.7
363a5616-ed3d-4274-85ee-77071067f81d,wow,5,2026-05-13,CBE,Google Play Store,Positive,0.1
56185597-d29b-4a60-a0fb-6783638230a7,Good application,2,2026-05-13,CBE,Google Play Store,Positive,0.7
35efe702-40c9-4e46-ad67-7574ab9ef42d,"Nice, but I can't get some recently transactions. please try to keep all history scrolling full visibility done.",5,2026-05-13,CBE,Google Play Store,Positive,0.31666666666666665
b41cb49d-59d3-41b8-bbb2-b1952005951b,Very Secure but very poor interface and limited history service. The new colorful version is worst. Visibility and contrast are low. It is just my idea.,1,2026-05-13,CBE,Google Play Store,Negative,-0.09072356215213359
22026bb2-c9c4-4040-892b-2a77ebee48b7,very nice 100%,5,2026-05-13,CBE,Google Play Store,Positive,0.78
dd4ae5b5-f5a4-42e9-a526-5fe9387dd7a4,good,5,2026-05-12,CBE,Google Play Store,Positive,0.7
e9233eb9-c338-4c80-8f21-26cd31acd65f,Good to use,5,2026-05-12,CBE,Google Play Store,Positive,0.7
6b0d612d-f9c1-4cac-bb37-b945c97a2e9a,cbe,1,2026-05-12,CBE,Google Play Store,Neutral,0.0
68ff6a46-3659-47f0-a20f-fba5755a3f67,Cbe,4,2026-05-11,CBE,Google Play Store,Neutral,0.0
95f3c528-c059-4a5a-8973-46182fe5cb22,best and secured,5,2026-05-11,CBE,Google Play Store,Positive,1.0
ca9d0c10-808d-4f7f-98dd-3903f11da810,best,5,2026-05-11,CBE,Google Play Store,Positive,1.0
1e81e27a-edbd-4763-b5d0-f8ead77bade8,ok,5,2026-05-11,CBE,Google Play Store,Positive,0.5
155076ef-8bb2-4b69-9b64-cea273b404f5,good,5,2026-05-10,CBE,Google Play Store,Positive,0.7
0256d346-9c3d-469d-a9ca-45943309242a,why is my transaction fee hidden? Why doesn't the app show some of the transaction fees before. eg vat 15% show it togather before confirmation not after it feels like a scam.,3,2026-05-10,CBE,Google Play Store,Negative,-0.16666666666666666
bac8d171-fd59-4cca-911d-fc792fc2b091,Gal✅😶‍🌫️,1,2026-05-10,CBE,Google Play Store,Neutral,0.0
f9d96cc8-f98d-4cd4-9d0c-7ce9af07256d,posetive,5,2026-05-10,CBE,Google Play Store,Neutral,0.0
1569da07-cfaa-4fb7-8631-bc66252f38fb,this app is so functional for airtime for wallet and,5,2026-05-09,CBE,Google Play Store,Neutral,0.0
c60221ee-aa0a-4e28-9297-739dc4da31d4,very amazing app,5,2026-05-09,CBE,Google Play Store,Positive,0.7800000000000001
e1739339-edb9-4512-b249-43c7d68db428,excellent service,5,2026-05-09,CBE,Google Play Store,Positive,1.0
9d8cceb4-44c2-4335-b810-eb85a87a7169,There is a a problem when updating the app,3,2026-05-09,CBE,Google Play Store,Neutral,0.0
6983428a-2a3c-47d1-b40c-304f8e41ed64,good,5,2026-05-09,CBE,Google Play Store,Positive,0.7
8f50d256-e087-4584-8dc8-e70cae1601e1,good,5,2026-05-09,CBE,Google Play Store,Positive,0.7
c3d1480d-7882-4206-bb65-d9f5fbe8cb93,smart app,4,2026-05-08,CBE,Google Play Store,Positive,0.21428571428571427
544522c1-d913-4928-91d9-22e820eb44ec,"Internet Based mobile app for CBEBirr A Internet Based mobile app for CBEBirr. With the new Internet based CBEBirr Mobile App you can make every operations applicable via the USSD version of CBEBirr. This app version is the latest version branded as CBEBirr Plus, CBEBirr+, CBE Birr +, or CBE Birr plus.",1,2026-05-08,CBE,Google Play Store,Positive,0.3181818181818182
52a04062-31ff-42b2-a51a-6f0053223c6f,CBE it's my excellent choice,5,2026-05-08,CBE,Google Play Store,Positive,1.0
8c836517-38b5-4c95-88bb-df6d2e15ee15,fast and time saving...,5,2026-05-08,CBE,Google Play Store,Positive,0.2
fa26ca3b-dec9-42ce-a000-2c506b949d49,ok,5,2026-05-08,CBE,Google Play Store,Positive,0.5
53ed304c-c38d-41ad-8170-aaf0bd84cbaf,ok,5,2026-05-07,CBE,Google Play Store,Positive,0.5
5b7a97ff-6da0-47ab-a4f1-5a78a0a8cd88,yesisgood,5,2026-05-07,CBE,Google Play Store,Neutral,0.0
8d9412f5-9e42-441b-932b-d95f527657ec,so good,5,2026-05-07,CBE,Google Play Store,Positive,0.7
d0e253c1-9689-4315-8d6d-cbcdc42a5df6,"The app is getting worse and worse after every ""update"". The UI is inconsistent, you haven't fixed the issue with Mpesa wallet transfer ( the ""begin 0, end 1, length 0"" error after ever transfer attempt) ; now the tellbirr transfer raises ""Bucket override O-10094"" error. Test your work FULLY before release.",3,2026-05-07,CBE,Google Play Store,Negative,-0.23333333333333336
23209426-df23-4cd2-82d6-d4e3f25f5c44,iam happy excellent app,5,2026-05-07,CBE,Google Play Store,Positive,0.9
0afcc81d-d4ea-4e0b-983c-dfec39a6db03,is not work properly !!,3,2026-05-06,CBE,Google Play Store,Neutral,0.0
55758cfe-b04e-4211-a9f6-8b8c01a37e3e,አሪፍ አፕ ነው ገራሚ ሁኖ አግኝቼዋለሁ,5,2026-05-06,CBE,Google Play Store,Neutral,0.0
52e8350c-88d6-40e3-b23a-15c5cdb8caf8,When I update this app there isn't working,1,2026-05-06,CBE,Google Play Store,Neutral,0.0
d04a57d8-fb57-42a0-8cba-b89608486b3d,thanks you so much 👍 okay I am going to be like in,5,2026-05-05,CBE,Google Play Store,Positive,0.35
7461aa60-f2fd-4568-b1a9-f10216accd61,Best ever,1,2026-05-05,CBE,Google Play Store,Positive,1.0
9e1c2b83-113b-46be-8ede-86e5950bad6c,features በጣም ወድጄዋለሁ ነገር ግን አንድ ችግር አይቼዋለሁ ።APPU DELETE በሆነ ጊዜ ቅርንጫፍ ማመላለሱና MB APPLICATION FORMAT ላይ በየጊዜው መፈረሙ አንድ ለባንኩ ወጪ ነው ሁለት ለደንበኞች Inconvenience ይፈጥራል አስተካክሉ,4,2026-05-05,CBE,Google Play Store,Neutral,0.0
cbee30fc-3273-4357-870d-8b068858c109,best,5,2026-05-05,CBE,Google Play Store,Positive,1.0
6b909f7e-b24b-4bf0-9df3-cf71277e87c1,goood g,5,2026-05-05,CBE,Google Play Store,Neutral,0.0
70603681-bc2f-45a0-a6b3-ee5cd7033e16,I like so much,5,2026-05-05,CBE,Google Play Store,Positive,0.2
09a4cd19-b29f-46ae-a120-45f3bc16bd94,This app has never been efficient at all,1,2026-05-04,CBE,Google Play Store,Neutral,0.0
a3c96020-4c19-4eb6-9bbc-d6b243eef584,nice app.,5,2026-05-04,CBE,Google Play Store,Positive,0.6
ffe94b70-6518-4281-b1ff-d3bf99b8c18a,"While the option to create or cancel standing orders has been added, it is not functional. Similarly, adding a new beneficiary is also not working. Please fix.",2,2026-05-04,CBE,Google Play Store,Positive,0.06818181818181818
b3d8a619-156f-4746-a270-81e17d8e0725,Wonderful App ❤️❤️❤️ I love it,5,2026-05-04,CBE,Google Play Store,Positive,0.75
e1ccb480-fa64-43fb-9b8d-2d04a434434b,i like it,5,2026-05-04,CBE,Google Play Store,Neutral,0.0
e827a233-df27-4b4c-8727-6bfe8dea85e7,best,4,2026-05-04,CBE,Google Play Store,Positive,1.0
d51b40f1-e47f-4f59-aa2a-05efb832f5f0,vary good app,5,2026-05-04,CBE,Google Play Store,Positive,0.7
3296fa2a-d48f-42dc-bc60-588563ade622,good,5,2026-05-04,CBE,Google Play Store,Positive,0.7
8e825846-2ace-4e13-b556-aa88bd0a2014,good,5,2026-05-04,CBE,Google Play Store,Positive,0.7
f8f10909-6beb-43f9-82aa-a4d5fedc47f3,good,5,2026-05-04,CBE,Google Play Store,Positive,0.7
9a44ae4b-503f-45f5-acaf-433b3cb9bdb7,nice,5,2026-05-03,CBE,Google Play Store,Positive,0.6
05798929-6575-4f84-a3c3-ded7dad86661,easy to use but hard to find easily,4,2026-05-03,CBE,Google Play Store,Positive,0.19166666666666665
e1f86c6e-df4b-4d2c-a2f6-854dfeccfaa8,fixed problem,4,2026-05-03,CBE,Google Play Store,Positive,0.1
2888f455-7c72-4404-8296-2ab00fca0910,በእውነት የሚገርም app ነው ነገሮችን ሁሉ ቀለል ያደርጋል,5,2026-05-03,CBE,Google Play Store,Neutral,0.0
fa8fee59-7eac-4d5a-bfa0-b24d2b30c958,good,5,2026-05-03,CBE,Google Play Store,Positive,0.7
64322c01-bb48-439c-8341-e1c6286fb136,good,3,2026-05-03,CBE,Google Play Store,Positive,0.7
69a854fc-9cff-4ead-a60f-d7b577940d78,best app,5,2026-05-03,CBE,Google Play Store,Positive,1.0
59c3b026-7179-410c-9cf7-6991d114d1f4,Good Application,5,2026-05-02,CBE,Google Play Store,Positive,0.7
64de5f8c-ed4b-4e43-8889-2f6f84ef4e4b,Good app,1,2026-05-02,CBE,Google Play Store,Positive,0.7
3c520127-2f0b-45c8-a6c7-d6edbc683d93,መስተካከል አለብት ብዩ አስታየት የም ሰጠው አካውንንት በስም ሲፈለግ mr ብሎ ቀጣይ ስም ለመፃፍ እስፔስም አይፈቅድ ቀጣዩ ፊደልም ሲፃፍ አይፅፍም ይሄ ቢስተካከል ይበልጥ ቀላል የረገዋል ብዩ አስበለው,4,2026-05-02,CBE,Google Play Store,Neutral,0.0
7212f7a6-1a61-4424-90fe-1fd8ae5bd520,why it alaways asked me to update every second when I log in.,1,2026-05-01,CBE,Google Play Store,Neutral,0.0
414528cb-b3f9-47ad-b88c-aa9bad169872,pls update my cbe mobile banking,5,2026-05-01,CBE,Google Play Store,Neutral,0.0
b0410a07-40f3-4699-97b8-cabcdb97b05e,good,5,2026-05-01,CBE,Google Play Store,Positive,0.7
dfa7121d-a16e-4d4a-bd83-ee23ce127bc3,"Easy, secure and user friend",5,2026-05-01,CBE,Google Play Store,Positive,0.4166666666666667
e61572cd-dad5-4b0b-ad0b-3f0540bbb56b,nice,5,2026-05-01,CBE,Google Play Store,Positive,0.6
a80123b0-8720-45bb-b909-d9404e90e328,hiote tegayede,5,2026-05-01,CBE,Google Play Store,Neutral,0.0
544c28e0-aeba-400a-819d-106aff5e2b28,misraqe,1,2026-04-30,CBE,Google Play Store,Neutral,0.0
8bc787df-13e6-4db7-9627-49a989f1d608,excellent app,5,2026-04-30,CBE,Google Play Store,Positive,1.0
08208b20-6bed-40bf-8b21-53cf47060e7d,usefull app,5,2026-04-30,CBE,Google Play Store,Neutral,0.0
71f32803-46ea-49d2-b2b8-77da4671df21,nice bank,4,2026-04-30,CBE,Google Play Store,Positive,0.6
f00148a9-43f3-4958-a074-633c71cb09ed,good 👍,5,2026-04-30,CBE,Google Play Store,Positive,0.7
85735753-f59f-49ff-b348-7e419ae07a36,it's no functional problem,5,2026-04-30,CBE,Google Play Store,Neutral,0.0
c63030c3-9599-4bcf-a972-ba8863a45e9c,Tamam Yunus Guddata,5,2026-04-30,CBE,Google Play Store,Neutral,0.0
993738de-3a79-4ee7-9a58-5251c8d51a65,good,5,2026-04-30,CBE,Google Play Store,Positive,0.7
85564924-a1f4-4a11-933e-5c3c0ede7875,It's not working after the update it doesn't open at all,1,2026-04-30,CBE,Google Play Store,Neutral,0.0
9c97c9c1-7354-4b04-8640-62991a690c48,nice,5,2026-04-29,CBE,Google Play Store,Positive,0.6
3696961c-9670-47df-8c67-44b10c2db19d,excellent app,5,2026-04-29,CBE,Google Play Store,Positive,1.0
64153858-ba9d-4ee9-b7b0-9a6aba467fdd,Good,5,2026-04-29,CBE,Google Play Store,Positive,0.7
84146a71-956c-458f-8b95-8e5e78cfa28e,CBE not compare to others,5,2026-04-29,CBE,Google Play Store,Neutral,0.0
6d533509-fae0-49e9-81e2-48088b213543,good,5,2026-04-29,CBE,Google Play Store,Positive,0.7
cb8a50ef-5292-4910-9813-8db71fa20176,good,3,2026-04-29,CBE,Google Play Store,Positive,0.7
bedb6e80-52a2-4195-983c-36250b4fab59,nice app thanks,5,2026-04-29,CBE,Google Play Store,Positive,0.4
1c118da4-2035-4bd7-a7b0-b226b86a744d,Great,5,2026-04-29,CBE,Google Play Store,Positive,0.8
f7c15b4f-845f-40c4-8d08-8e8b7d9d0762,good service,5,2026-04-29,CBE,Google Play Store,Positive,0.7
253678ea-f003-4310-bd06-59c624e70b08,"It is so good,and easy to use.",5,2026-04-28,CBE,Google Play Store,Positive,0.43333333333333335
8fc99f24-bf99-4c8b-8323-0b099f50b77f,great app,5,2026-04-28,CBE,Google Play Store,Positive,0.8
293cd3b8-d9da-41a0-bea1-6bcd13674f4c,update is not downgrade. its literally not working,1,2026-04-28,CBE,Google Play Store,Neutral,0.0
8eff8e4e-4dac-4027-b736-72ebdb0ed0eb,Please consider optimizing the app for Huawei Mobile Services (HMS). It doesn't work after the update.,1,2026-04-28,CBE,Google Play Store,Neutral,0.0
a96b794b-68bb-49e9-be8e-99362d1ff7a0,please use the cute ui as a professional developer,3,2026-04-28,CBE,Google Play Store,Positive,0.3
e1a58ce8-203f-486c-a376-a415694cb2b9,Daily Of the day Transfer Limit Restriction If there wasn't If it didn't have Very Extremely Happy We would be.,4,2026-04-28,CBE,Google Play Store,Positive,0.4
5ad0cb2f-8c41-4eac-bf3d-ede5b67e043d,best,5,2026-04-28,CBE,Google Play Store,Positive,1.0
02633ef2-0023-495c-aa74-623e66a0ca65,Amazing,5,2026-04-28,CBE,Google Play Store,Positive,0.6000000000000001
f8549d96-2d7f-4357-8dcb-2b545c24b4a4,it's better than before,4,2026-04-28,CBE,Google Play Store,Positive,0.5
8daacdf9-de99-46fe-b11b-3b5254189503,worst apk for a big bank,1,2026-04-28,CBE,Google Play Store,Negative,-0.5
82c83f17-d148-44bb-9918-ac8e4d5fbd68,doesn't work properly with safaricom network.,1,2026-04-28,CBE,Google Play Store,Neutral,0.0
7bb0339b-cd81-4b5f-bfba-0bc9be64ff72,"The app forcefully made me an update, since then every time I try to make a payment it keeps bugging and failing non stop. please fix that . this is a big company not a start up .",1,2026-04-28,CBE,Google Play Store,Neutral,0.0
54a02c36-230e-45f3-8c3e-2f3b64f75460,good,5,2026-04-28,CBE,Google Play Store,Positive,0.7
60895214-f7a0-4c4f-aefa-9b04cf9f6bfd,I found that when i am using safaricom network the app keeps crashing a lot and not working and as soon as i change the network it will work smoothly so make is a lot compatible with the safaricom network service.,3,2026-04-28,CBE,Google Play Store,Positive,0.4
ce2e335b-53bb-4161-9e00-7fa412bc2d19,go ahead,5,2026-04-28,CBE,Google Play Store,Neutral,0.0
87895c6e-64eb-4890-b8e6-4a8875d1e0b5,nice,5,2026-04-27,CBE,Google Play Store,Positive,0.6
5a158d79-5967-4f19-bc19-6f0cdee3c111,i like it,5,2026-04-27,CBE,Google Play Store,Neutral,0.0
f62d7269-94d4-43a6-bd34-0f88ec7181b0,ok,5,2026-04-27,CBE,Google Play Store,Positive,0.5
c7a23821-3b21-4563-894b-86bbecec3e78,ok,5,2026-04-27,CBE,Google Play Store,Positive,0.5
5e7f397e-c67e-4dd4-b7eb-c28a946b3cfe,Good,5,2026-04-27,CBE,Google Play Store,Positive,0.7
52e2e315-6b87-4a6b-87aa-1967ff664407,cbe mobile app best app,5,2026-04-27,CBE,Google Play Store,Positive,1.0
c82927c7-73a3-4287-b6b3-a844873c565f,"easy for use,and good privacy",4,2026-04-27,CBE,Google Play Store,Positive,0.5666666666666667
de0a375f-a639-4135-8e30-bffd0b593b76,amazing,5,2026-04-27,CBE,Google Play Store,Positive,0.6000000000000001
6b2e6ef6-d9ca-48ed-9e19-80a27832e8b6,i really judged this app. 99% were profit exclusive for others only with organization benefit.,1,2026-04-27,CBE,Google Play Store,Positive,0.1
49e0c91c-8237-4abb-b568-6e39960b2afe,unable to use it is not performed well,1,2026-04-27,CBE,Google Play Store,Negative,-0.5
007a66ec-3d1b-4221-bf88-9f21aaf63637,ወከቀቀ,5,2026-04-26,CBE,Google Play Store,Neutral,0.0
233fe34d-5e9c-40f6-9ca2-50e43597106d,Nice,5,2026-04-26,CBE,Google Play Store,Positive,0.6
3a4be5bd-e5e4-42fc-a538-d939393c7b11,This app is very good and helpful I am Happy working with cbe mobile banking tanx all members and I am ready invite all my family and friends ❤️,5,2026-04-26,CBE,Google Play Store,Positive,0.6366666666666666
95833985-ad3f-4ff5-ba9f-5e3a2f43be4e,Samsung A-5360 is not my device and i did not opened by this,5,2026-04-26,CBE,Google Play Store,Neutral,0.0
41a1c4db-33cc-4566-9e9a-aab3ca95e27b,notwork totransferto other,1,2026-04-26,CBE,Google Play Store,Negative,-0.125
18aab07a-2816-4fc7-971d-3838a0db55db,good,5,2026-04-26,CBE,Google Play Store,Positive,0.7
926205cb-331b-48a8-82cf-6e7eb5f8acb8,የCommercial Bank of Ethiopia ሞባይል ባንኪንግ አገልግሎት በአጠቃላይ ጠቃሚ ነው፣ ግን አንድ ችግር አጋጥሞኛል። የሂሳብ ቁጥር በምናስገባበት ሳጥን ላይ “Mr” ወይም “Mrs” ከሚለው ቀጥሎ ያለውን ስም ለማስገባት ስፔስ (space) መጠቀም አይቻልም። ይህ ተጠቃሚዎችን ስም ትክክለኛ ለማስገባት እንዲቸገሩ ያደርጋል። እባክዎ በዚህ ክፍል ስፔስ መጠቀም እንዲቻል ወይም የስም መሙያ ስርዓቱን እንዲሻሻል ቢያደርጉ በጣም ጥሩ ይሆናል።,4,2026-04-26,CBE,Google Play Store,Neutral,0.0
017820e6-ab50-42f5-9474-3fc922628d90,🫶👍🙏,5,2026-04-26,CBE,Google Play Store,Neutral,0.0
20ff9d01-3e89-4746-a662-eff1ff116b92,ok,5,2026-04-26,CBE,Google Play Store,Positive,0.5
bbea8631-e278-4017-b15f-1ff93c32c3e3,good,5,2026-04-25,CBE,Google Play Store,Positive,0.7
9c330be8-b0ff-46b0-a5a7-53d7a368751e,I am very comfortable because we can easily access various transfer services that we used to have to go to the bank.,5,2026-04-25,CBE,Google Play Store,Positive,0.31777777777777777
bdd84631-46fb-4462-b674-ef737f65b619,ok,5,2026-04-25,CBE,Google Play Store,Positive,0.5
93a71b3e-eef7-41ee-8a01-b987b3f4bdbf,good app,5,2026-04-25,CBE,Google Play Store,Positive,0.7
bdf0adc0-ce3c-441c-82fb-128c8b64c19c,i am so happy,5,2026-04-25,CBE,Google Play Store,Positive,0.8
d5b3a449-1cc9-42d7-96d3-b8c7cd039e5a,good,5,2026-04-25,CBE,Google Play Store,Positive,0.7
4376e57e-5100-4ff1-80f9-c381ee6c4e7e,The recent update is trash. I couldn't refresh the page. It's not even trying to sync. Please fix the bug and release a clean version.,1,2026-04-25,CBE,Google Play Store,Positive,0.18333333333333335
3f55dc9b-0a86-44c1-8dc9-e900b7215342,good job,5,2026-04-25,CBE,Google Play Store,Positive,0.7
077dab03-611b-494c-8244-6dec9d98c3bb,I'm from Ethiopia and proud of CBE service app.,5,2026-04-25,CBE,Google Play Store,Positive,0.8
0f1dc09a-d6ca-4d96-a800-68e0df716176,I am successful with app,5,2026-04-25,CBE,Google Play Store,Positive,0.75
c707c7e5-9dd0-4244-b8f3-861586b86c86,everything is boaring the previous one is good,1,2026-04-25,CBE,Google Play Store,Positive,0.26666666666666666
213938b5-1ffa-40f7-815d-f348040e244a,best,5,2026-04-25,CBE,Google Play Store,Positive,1.0
0737fe99-8d46-4617-92ca-fc7835b45093,good,5,2026-04-24,CBE,Google Play Store,Positive,0.7
6b0fa39d-9bfe-4321-8eb0-64efb84e7044,good app but it needs more languages do it with more than four languages,5,2026-04-24,CBE,Google Play Store,Positive,0.5666666666666667
c9b93b61-7302-4183-9b64-0af04756e3fd,good work,5,2026-04-24,CBE,Google Play Store,Positive,0.7
744d00e1-eb14-42ec-82c2-d5d96be3a133,ok,5,2026-04-24,CBE,Google Play Store,Positive,0.5
9819cf1b-61d0-41b8-865f-a1d74e59b7c8,wow app.The developers make improvements every time.,5,2026-04-24,CBE,Google Play Store,Positive,0.1
2dd3486a-0f32-4c4b-a0df-0373ad43ba27,nice and perfect,5,2026-04-24,CBE,Google Play Store,Positive,0.8
dcdbe309-d836-4c8f-af2f-33a28bf3f6ee,best experience,5,2026-04-24,CBE,Google Play Store,Positive,1.0
37d693a0-f6b3-4c9b-90fb-a38a0cd40962,the best,5,2026-04-24,CBE,Google Play Store,Positive,1.0
d07fd558-57b9-47a4-8552-890435e8e0cb,What's wrong after i update the app unable to open,1,2026-04-24,CBE,Google Play Store,Negative,-0.3333333333333333
f67c2405-fb7b-4203-b6c9-bdfa053ab22f,nice,5,2026-04-24,CBE,Google Play Store,Positive,0.6
eb493847-39e7-489a-853e-de65fb51541d,👍👍it is good. pls Hide the amount that appear on the top when we need to transfer🙏,1,2026-04-24,CBE,Google Play Store,Positive,0.6
a6b90a4c-4f99-46c4-a191-ac7041d31df7,not sure at the moment,3,2026-04-24,CBE,Google Play Store,Negative,-0.25
fb519f9d-6352-4d77-8f4c-5c04212a1a01,Good,5,2026-04-24,CBE,Google Play Store,Positive,0.7
9e1cb9b7-114a-4af4-8c89-64aaf8dd9126,it's the best app i have every seen it is fast and securty,5,2026-04-24,CBE,Google Play Store,Positive,0.6
9601a42a-e918-4fad-94a1-e97153f75161,Useful apps,5,2026-04-24,CBE,Google Play Store,Positive,0.3
4b2c9e31-174f-4862-853a-9ac1453d5151,easy to use,5,2026-04-24,CBE,Google Play Store,Positive,0.43333333333333335
1ca885e0-05d3-47e4-8197-22024bd5855d,waw,4,2026-04-24,CBE,Google Play Store,Neutral,0.0
23de9fd4-cc2a-44e7-9de7-4d509d6bff76,"This app used to work well, but now it constantly shows an error saying it can’t load my accounts and tells me to visit a branch. I’m not even in the country, so that’s not possible. The app has frequent issues and needs better reliability and remote support options.",2,2026-04-24,CBE,Google Play Store,Positive,0.1
6d6450b4-8242-4a96-8199-71909bd6ab3a,Very good,5,2026-04-23,CBE,Google Play Store,Positive,0.9099999999999999
a90504bc-e96c-442b-9f67-a45dea168589,አዲሱ ገጽታው በጣም ያስጠላል። ለአይን ይከብዳል። ወደነበረበት ብትመልሱት።,1,2026-04-23,CBE,Google Play Store,Neutral,0.0
51cafcbf-3067-4242-9be7-8b37fa122db5,I like it but sometimes there is a system error,4,2026-04-23,CBE,Google Play Store,Neutral,0.0
e991171d-d307-453a-9826-b91f253fd6bf,good,5,2026-04-23,CBE,Google Play Store,Positive,0.7
53166039-d15b-48dd-8a30-79ccdd2df95c,halid beshir,5,2026-05-18,BOA,Google Play Store,Neutral,0.0
ab5c2323-7ea1-45f7-8d2b-53479e0b57b5,It gave me a headache. bad bad bad,1,2026-05-18,BOA,Google Play Store,Negative,-0.6999999999999998
325e6111-ef98-4b7d-a8ce-156557d9c50f,bankn abstract fayida,5,2026-05-18,BOA,Google Play Store,Neutral,0.0
e1dfd8e3-02ad-4d83-80e8-0fa5ec2c06e3,Tilku,5,2026-05-18,BOA,Google Play Store,Neutral,0.0
ea419fbc-41fc-4211-b3b4-84e87d2952a4,the transaction is not working???? fix it,1,2026-05-18,BOA,Google Play Store,Neutral,0.0
0fe83567-9471-413c-b722-a24757bb5d82,sometimes The App Is not goibg through,3,2026-05-17,BOA,Google Play Store,Neutral,0.0
9dd3879e-2b0c-4058-8c8c-19f6b376f69c,"The worst app, also bank am begging for my own money",1,2026-05-16,BOA,Google Play Store,Negative,-0.2
5f69466d-ec06-4eb5-816c-296accffeff2,was Good 🙏,5,2026-05-16,BOA,Google Play Store,Positive,0.7
f9246b8a-6688-4249-b804-0b0c5dd60590,cool,5,2026-05-15,BOA,Google Play Store,Positive,0.35
21bcff26-5b05-485d-958f-4832ec1fac01,Its Good,5,2026-05-15,BOA,Google Play Store,Positive,0.7
c5eb7589-59b7-4d72-8aa9-100a703ecaa3,good,5,2026-05-14,BOA,Google Play Store,Positive,0.7
c3bb042c-844b-4580-98b9-df418622b2fb,it's very good app,5,2026-05-12,BOA,Google Play Store,Positive,0.9099999999999999
400ce769-3726-43b2-ac4d-755b3a15f026,this app is good but the speed of app is very slow,2,2026-05-11,BOA,Google Play Store,Positive,0.15499999999999994
4d6d2f22-5e71-47be-9cde-a1cf6c9fff93,good,5,2026-05-09,BOA,Google Play Store,Positive,0.7
e77089b3-aecf-45e2-a64a-ce917fc4233a,boa the best,5,2026-05-08,BOA,Google Play Store,Positive,1.0
41c64c67-b81a-4326-83c4-e95044aef7f6,bank of absiniya is best bank in ethiopian,5,2026-05-07,BOA,Google Play Store,Positive,1.0
59c55c58-88d5-4000-bdb3-fe95ece44a44,አስተማማኝና ዘመኑን የዋጀ,4,2026-05-05,BOA,Google Play Store,Neutral,0.0
b074f56c-96d4-4b63-8a69-8ca2c51fd21e,good,5,2026-05-04,BOA,Google Play Store,Positive,0.7
31476ccf-eccc-4f13-9576-286a3857232f,extremely slow app and unreliable for most payment i have stuggled to much with this,2,2026-05-03,BOA,Google Play Store,Positive,0.13333333333333333
cbf55621-3ea4-4a60-9eef-2c76df81c961,Amazing app,5,2026-05-02,BOA,Google Play Store,Positive,0.6000000000000001
63ebb0e3-90cf-4ac2-b914-226871e5f4eb,"I tried to oppen mobile app of BOA, but it can't work on my phone after activation. I can't login to it. the staffs tried their best and asked me the android version which is 16 and clear the catches, reinstall the app but the same restult × close the app. disappointing",1,2026-05-01,BOA,Google Play Store,Positive,0.12500000000000003
5d3e596b-be66-413e-acbb-56b52ca2f131,nice app 👍👍👍,5,2026-04-29,BOA,Google Play Store,Positive,0.6
cbf4c2e9-4dbf-4e46-adee-dde9833769e6,easy to understand,4,2026-04-28,BOA,Google Play Store,Positive,0.43333333333333335
d9eecba3-7a1f-4067-8613-b07d678eaaa1,best,5,2026-04-27,BOA,Google Play Store,Positive,1.0
41b7680c-8f5a-4362-bc9f-36fcfa90d3bc,a wonderful Bank success app in Ethiopia 🇪🇹,5,2026-04-25,BOA,Google Play Store,Positive,0.65
9ebe5ef9-6480-417b-a855-403db430d185,nice,5,2026-04-24,BOA,Google Play Store,Positive,0.6
8bdfd084-1a9e-4c88-a20d-4fba6d5f71cb,there's an error in app i don't ever know what's the case,1,2026-04-24,BOA,Google Play Store,Neutral,0.0
52b2fb80-53dc-4ad1-a877-8d353523d6b8,BoA always❤,5,2026-04-24,BOA,Google Play Store,Neutral,0.0
d5fa982d-64ab-4c66-92bc-ad5be1995e34,the worst app,1,2026-04-24,BOA,Google Play Store,Negative,-1.0
ce3d6043-773e-4267-9ac0-c2d997f4871c,what an amazing service,5,2026-04-23,BOA,Google Play Store,Positive,0.6000000000000001
fb40de72-29d1-4b5c-adc1-5d44458d5134,abezash,5,2026-04-23,BOA,Google Play Store,Neutral,0.0
3825faa7-4438-4a27-9ffa-6a5bbd013ec4,😁😁ል,4,2026-04-23,BOA,Google Play Store,Neutral,0.0
86598e4c-f5c5-455c-ba69-dcd6053ac182,Not working,4,2026-04-22,BOA,Google Play Store,Neutral,0.0
4f8e5ae2-8fd3-4cd8-942b-19d69f860c7a,best,5,2026-04-22,BOA,Google Play Store,Positive,1.0
30e1113c-47d7-44e6-88d2-df6d225918b7,nice,5,2026-04-21,BOA,Google Play Store,Positive,0.6
6815e98d-fbc3-4f5c-9244-b704ad223cdf,everything new that other banks started abyssinia started it but this one year have been a disaster the mobile banking crashes everytime please do what you do best,1,2026-04-20,BOA,Google Play Store,Positive,0.3371212121212121
d843f70e-e0c5-485c-8f0a-46eb550794e1,"the best applcation,, how can winning byd car 😭🤣🤣",5,2026-04-20,BOA,Google Play Store,Positive,0.75
58f28177-e3a0-4406-9eb2-92ccc5bd05e6,good,5,2026-04-19,BOA,Google Play Store,Positive,0.7
94d4c6ee-67e6-454f-9744-a5c495d30d1f,"the app does not show my account balance correctly compared to what I get with the SMS notification. Again and again I am not able to make transfers because the app has issues. The app has over years now frequently problems, doesn't load, or is sometimes not working entirely and I can not open it. Even to the point that I question the rating of this app if it's true or distorted. I am not sure how it can be 4 stars something, when in real life the app just doesn't work a lot of the time.",1,2026-04-19,BOA,Google Play Store,Positive,0.02142857142857143
908ab990-5c9e-4e4b-911e-13926f92a28f,excellent service,5,2026-04-18,BOA,Google Play Store,Positive,1.0
dfc4cf71-ecc3-47c8-b74f-36394f2e65a5,it very slow to access the app when urgent,1,2026-04-17,BOA,Google Play Store,Negative,-0.39000000000000007
3981e2e8-ac8c-44e6-8209-d1ec3c4ac776,very Good app,4,2026-04-16,BOA,Google Play Store,Positive,0.9099999999999999
22fe4ab6-af03-40b1-80ef-5b133704c61a,best i ethiopia,5,2026-04-16,BOA,Google Play Store,Positive,1.0
19a66c57-4319-47b3-9f2e-44ec05dfbf63,when i try to see my balance the app logs me out.i try to uninstall the app and install it when i try to login again it says login expired.the worest mobile banking in ethiopia. fix it,1,2026-04-15,BOA,Google Play Store,Neutral,0.0
6c83211d-9519-4ace-8f28-685d99495146,good,5,2026-04-15,BOA,Google Play Store,Positive,0.7
318cb64b-9d02-44c4-b2fd-5f41c7469bb1,like,5,2026-04-14,BOA,Google Play Store,Neutral,0.0
9f7cd635-f2b0-4f15-9b58-c6dd91c6941c,Why transfer to telebirr agent doesn't work?,3,2026-04-14,BOA,Google Play Store,Neutral,0.0
01ba3c51-8d90-417b-8fb8-e64ac6756b45,best 👌 app in entire industry,5,2026-04-14,BOA,Google Play Store,Positive,0.5
929c8fca-6fea-4fd9-ba70-bba627382de6,besst app,5,2026-04-14,BOA,Google Play Store,Neutral,0.0
48f6529a-a377-44a5-ba41-98950aa02b4f,good 👍,5,2026-04-13,BOA,Google Play Store,Positive,0.7
14eb0357-cfd2-43d1-8944-abc17e05f6e3,ksanet hayle,5,2026-04-11,BOA,Google Play Store,Neutral,0.0
22851df9-cdae-4a17-b9d2-088a97c3a797,this app is not use my pbone android 16 and not fix boa nearest branch how to use this app,1,2026-04-11,BOA,Google Play Store,Neutral,0.0
105fd159-c2b7-42ff-b37a-c81a59af201c,"disappointing experience .couldn't even do transactions ,so slow .you should check and update it please",1,2026-04-09,BOA,Google Play Store,Negative,-0.45
8e9ddf9f-a6b7-4056-a345-b7c0489233c8,poor functional and also very interactive customer service at branch,1,2026-04-09,BOA,Google Play Store,Negative,-0.1
50d68ed5-19d2-40f1-a948-c1a072fb98f8,low networks,4,2026-04-08,BOA,Google Play Store,Neutral,0.0
10230d63-8070-4eda-85aa-5782d88da114,Fast& Modern,5,2026-04-08,BOA,Google Play Store,Positive,0.2
407c37a2-de47-453b-8da7-841df078cb72,very nice service appreciated 👍,5,2026-04-07,BOA,Google Play Store,Positive,0.49
038d7a37-ffff-414e-8541-1eb631e12831,it's not working always says error occured,1,2026-04-06,BOA,Google Play Store,Neutral,0.0
47add928-95f5-4571-837b-07ebc277cbac,good,5,2026-04-06,BOA,Google Play Store,Positive,0.7
31582f65-c3f8-484a-9722-7d05056f3b03,fast and reliable app,5,2026-04-02,BOA,Google Play Store,Positive,0.2
c8be0ce7-a13f-409f-b1b6-2e14ed2215f0,good,1,2026-04-02,BOA,Google Play Store,Positive,0.7
f37e6779-292b-44fb-8a42-0418f4fd0948,እረተውኝ,5,2026-04-01,BOA,Google Play Store,Neutral,0.0
7ae56192-8700-43f2-9fb2-49bbfa144bd7,good,1,2026-04-01,BOA,Google Play Store,Positive,0.7
a0fcc135-8cce-41a8-ac35-f7ac32579551,its good,5,2026-04-01,BOA,Google Play Store,Positive,0.7
8f956c91-f53f-468e-a435-037d14d2ce22,updte,3,2026-04-01,BOA,Google Play Store,Neutral,0.0
66f48a18-1570-4203-bbfb-ef7195886289,nice,5,2026-03-31,BOA,Google Play Store,Positive,0.6
a5f24e46-f662-4b0c-bfd9-201a1ffae051,"Personal opinion: If Abyssinia Mobile Banking allows you to use data from the SIM card where banking is activated, for example, if the connection to the WiFi router stops, if it is possible to use the SIM card where it was activated, and if the password can finally be re-entered 🙏",5,2026-03-31,BOA,Google Play Store,Neutral,0.0
a5b1aa5a-9e3e-4813-9c49-38294b57bb4f,stupid app! when i try to send money it says error occured,1,2026-03-31,BOA,Google Play Store,Negative,-0.9999999999999999
0d5ca57e-ebdb-45e8-a644-3c6a3cbbe08c,i loveit,5,2026-03-31,BOA,Google Play Store,Neutral,0.0
dda71594-6f09-44f4-8548-72582165fda5,Boa yleyal,5,2026-03-31,BOA,Google Play Store,Neutral,0.0
264d35fa-6853-41af-a197-092aea324674,lovely,2,2026-03-30,BOA,Google Play Store,Positive,0.5
d06616dd-798f-44c1-ba1f-348e1ff3e9bd,other bank is very slow,5,2026-03-30,BOA,Google Play Store,Negative,-0.25750000000000006
72e8378d-4819-471d-bb57-4dc45eb91d0f,good,5,2026-03-29,BOA,Google Play Store,Positive,0.7
76a456ed-ff72-4dac-80f9-125290fbb623,When transaction done form BOA to Other Bank accounts the receipt does not include the name of receipant(the who receive the money),4,2026-03-29,BOA,Google Play Store,Negative,-0.125
e8ee7b63-1c88-42d8-babd-9a0525ed51ce,Niyse,5,2026-03-29,BOA,Google Play Store,Neutral,0.0
6996aec2-7415-4ff6-94f9-3fae7f269772,good,3,2026-03-29,BOA,Google Play Store,Positive,0.7
1de03aee-6087-48b7-9c16-833a1db513c0,my choice BOA,5,2026-03-28,BOA,Google Play Store,Neutral,0.0
fc343f2b-f7c3-477a-8b30-e12762c3acda,በጣም ጥሩ ነው,5,2026-03-28,BOA,Google Play Store,Neutral,0.0
5af2ed8c-8f32-475e-9c7e-104b14bbd9a1,smart app,5,2026-03-28,BOA,Google Play Store,Positive,0.21428571428571427
9cba03ec-5bab-4f70-b81e-c02e5fe2e97a,emails connect to pone numbers link all the city banks by location naw,5,2026-03-28,BOA,Google Play Store,Neutral,0.0
4d77ffbf-a33d-4b0b-bbb4-22fde799e25d,good,5,2026-03-28,BOA,Google Play Store,Positive,0.7
10a506ce-01bb-4001-92f4-195ae6ddff07,good,1,2026-03-28,BOA,Google Play Store,Positive,0.7
7bf62829-1879-44f0-a4d4-356779e762d7,My favorite app,5,2026-03-28,BOA,Google Play Store,Positive,0.5
15bc654d-c9be-4cf2-a245-c7786a229cf3,very good,5,2026-03-28,BOA,Google Play Store,Positive,0.9099999999999999
9e0c8000-1334-4a4d-b365-135f5bfe19f1,smart app smart bank,5,2026-03-27,BOA,Google Play Store,Positive,0.21428571428571427
b3eeddca-511a-4476-95fd-5e1c3efca410,You can't rely on Abyssinia. They are the worst,1,2026-03-26,BOA,Google Play Store,Negative,-1.0
497be43a-22d6-41de-b1b8-25b6a9828edb,its the the bank of bank,5,2026-03-25,BOA,Google Play Store,Neutral,0.0
6c8a57ec-bedc-4a6d-8e55-bc128ed414a9,good app,5,2026-03-24,BOA,Google Play Store,Positive,0.7
a65f4039-7ba9-41e9-9134-f6149caf042d,beti araya,5,2026-03-24,BOA,Google Play Store,Neutral,0.0
f99de809-b2fa-4d2b-8989-1974209a2871,ok app,5,2026-03-24,BOA,Google Play Store,Positive,0.5
d31fdcca-49f2-463d-bfbe-820880299924,something is wrong,2,2026-03-24,BOA,Google Play Store,Negative,-0.5
00b7b233-2a55-47e9-9645-7fb550289103,abanamu boriifuu hindhabamu horiinu ajiraanu woliinuu,5,2026-03-24,BOA,Google Play Store,Neutral,0.0
9fd15475-73a2-4719-8f0d-7189419e1f3f,good up except some sluggishness,5,2026-03-23,BOA,Google Play Store,Positive,0.7
fb7ecaf6-a3b5-4010-9213-9f95c8f56bc5,good app,5,2026-03-23,BOA,Google Play Store,Positive,0.7
b281bf2a-d118-4208-89d3-0ce0a72cc301,it is not bad it just ok,4,2026-03-23,BOA,Google Play Store,Positive,0.42499999999999993
092c3e04-f7d6-4b28-92f1-de5a918b3fbc,well,1,2026-03-22,BOA,Google Play Store,Neutral,0.0
a91a45f2-b0c9-4bc3-91ea-4ce2443d4cc5,i can't transfer money to other bank. 😒😒,4,2026-03-22,BOA,Google Play Store,Negative,-0.125
604814f0-010f-4950-b333-613f0105bc15,doesn't work,1,2026-03-22,BOA,Google Play Store,Neutral,0.0
8d34cfb6-9bcb-4912-aee0-aa2a2b1592de,cheru birhanu,1,2026-03-22,BOA,Google Play Store,Neutral,0.0
1cb1105a-67fe-458a-9743-5d34693acf56,This app good b/c reduce my time,5,2026-03-22,BOA,Google Play Store,Positive,0.7
ecdd5515-c1f8-41a4-9803-6d0d7052c621,Machin tecnoloj,3,2026-03-22,BOA,Google Play Store,Neutral,0.0
a80ce3bd-0391-4df1-9df2-9c0bcc7394fa,developer option offe,1,2026-03-22,BOA,Google Play Store,Neutral,0.0
a366f66f-c0a0-425e-add1-7e71b1610e2f,"Bank of Abyssinia used to be the best for me, but now I don’t think so. I spent the whole day at the branch trying to fix my mobile banking, yet nothing changed. I was asked repeatedly for my ID and signature without any real solution. It’s disappointing and frustrating to see such poor service. I expected much better 🙏 Please fix this urgently 🙏",1,2026-03-22,BOA,Google Play Store,Positive,0.030000000000000006
c32769ec-e713-4554-8201-ffd51ab48981,good!,4,2026-03-21,BOA,Google Play Store,Positive,0.875
ce641b2b-d040-4aad-b192-b315e92b28aa,BoA Mobile app,5,2026-03-21,BOA,Google Play Store,Neutral,0.0
fef1bdda-a92c-4675-905c-ed939d8eb4a4,good,5,2026-03-21,BOA,Google Play Store,Positive,0.7
21fc9272-5122-48ca-bc6d-a291f71620fc,it is simple and fast app,5,2026-03-21,BOA,Google Play Store,Positive,0.1
1fcda048-250e-4a29-80f9-d39920317960,awful,1,2026-03-21,BOA,Google Play Store,Negative,-1.0
ba01b39e-49a4-47de-8190-691ff2001b14,👍👍👍,5,2026-03-20,BOA,Google Play Store,Neutral,0.0
4c1ebf7f-b18b-4ce2-990c-70a55af4970f,ቤጣም ጥሩ ነው ግን ኖ ፍጥነት ብዙ ስታክ ኦኬ,5,2026-03-20,BOA,Google Play Store,Neutral,0.0
45da188c-ee3d-48ba-ae25-95e3ea64375b,best app,5,2026-03-20,BOA,Google Play Store,Positive,1.0
5e708cce-69b7-450d-9483-a7f2fd282d17,awesome and fast app it uses to do my work easier..🥰,5,2026-03-20,BOA,Google Play Store,Positive,0.6
c431d0dc-49fa-40a4-8191-062c7fdb5c88,simple and fast,5,2026-03-20,BOA,Google Play Store,Positive,0.1
c16f4d45-4e69-43f9-9203-b16d8b7a6692,very good appreciation trusted,5,2026-03-20,BOA,Google Play Store,Positive,0.9099999999999999
cf575ba2-ee28-4c66-9f8c-60c988dad388,very nice app u love it,5,2026-03-19,BOA,Google Play Store,Positive,0.64
6d2e0b19-ee1c-464e-92da-8a3878a6a77e,happy,4,2026-03-19,BOA,Google Play Store,Positive,0.8
edff7faf-b934-4fe1-b2c8-e09d9969b7c0,The worst banking app ever. When I toggle the balance button it shows session expired. I can't even check balance😔,1,2026-03-19,BOA,Google Play Store,Negative,-1.0
9954a863-cf04-49b4-9bbc-01d2d643502e,Secured and rely on BOA.,4,2026-03-19,BOA,Google Play Store,Neutral,0.0
dac34b11-7a4d-4f66-a3fe-95938462c184,good,5,2026-03-19,BOA,Google Play Store,Positive,0.7
032dff22-c873-478f-a913-a114025670aa,Nice App,5,2026-03-19,BOA,Google Play Store,Positive,0.6
48fa3615-0cf4-4b8e-ae49-f141c3f15162,Good,1,2026-03-18,BOA,Google Play Store,Positive,0.7
c6200fcc-33ca-46b6-9ce5-4aeb040c5da5,very good app,5,2026-03-18,BOA,Google Play Store,Positive,0.9099999999999999
f816839a-36b8-4b5a-b5af-21f1913111ea,good to use,5,2026-03-18,BOA,Google Play Store,Positive,0.7
bfe58ba2-47aa-465d-a20d-155b0881e459,excellent!,5,2026-03-18,BOA,Google Play Store,Positive,1.0
4d566296-4a24-4bbd-9c34-5d1ea6b165ed,Thanks bank of Abisiniya,5,2026-03-17,BOA,Google Play Store,Positive,0.2
09ea6149-89ce-49f0-9dc2-90955569d5aa,good ap,5,2026-03-17,BOA,Google Play Store,Positive,0.7
4e61715f-d0e9-4bbd-8421-f40d7b4b7f0c,Very nice application,5,2026-03-17,BOA,Google Play Store,Positive,0.78
f58f914c-0ffb-4628-85f9-bf8a1b437f91,the BoA is the smartest app,5,2026-03-17,BOA,Google Play Store,Neutral,0.0
060d78f1-10a0-4b14-92fc-42b6f8522711,nice,5,2026-03-17,BOA,Google Play Store,Positive,0.6
39c77552-ecde-49f4-a8f0-7e6ec8c5c777,Wow!!,5,2026-03-17,BOA,Google Play Store,Positive,0.15625
0adc215d-c5a2-42e4-a33d-d53eb5255472,v.good,5,2026-03-17,BOA,Google Play Store,Neutral,0.0
ba8f8347-bd95-44be-8932-97c3f2956f60,wow,5,2026-03-17,BOA,Google Play Store,Positive,0.1
b18f9e3b-0b2d-422c-82ef-5509224392c8,best,5,2026-03-17,BOA,Google Play Store,Positive,1.0
030395b6-8973-46bc-af95-d79fa6fb7fec,very excellent and truth application.,5,2026-03-17,BOA,Google Play Store,Positive,1.0
a72d0ffe-b307-4b67-bfe0-a8b44cfb323d,very good,4,2026-03-17,BOA,Google Play Store,Positive,0.9099999999999999
f0660042-ece9-4c99-904f-b3dbd6911219,"All problems are fixed now , easy to use recommended.",5,2026-03-17,BOA,Google Play Store,Positive,0.26666666666666666
37e22804-5a4f-41af-a915-8e1fe824b423,it is slow app pls update more,5,2026-03-17,BOA,Google Play Store,Positive,0.09999999999999998
65ad93b2-92b3-4617-a108-ad4372743b5f,good,5,2026-03-17,BOA,Google Play Store,Positive,0.7
ab97e88f-949d-4afa-8d55-1d3550cfc1b4,amazing app ever,5,2026-03-17,BOA,Google Play Store,Positive,0.6000000000000001
96e99b1d-3f4e-493a-81d8-e24d64fe9917,It did not work at all for me,1,2026-03-17,BOA,Google Play Store,Neutral,0.0
22e5506e-0a34-4fa2-8e9a-e5d95c838a16,besat🥰,4,2026-03-17,BOA,Google Play Store,Neutral,0.0
6f7469d0-92a9-4c1b-a681-7d05865f2c73,amazing 😄 service I appreciate it,5,2026-03-17,BOA,Google Play Store,Positive,0.6000000000000001
4c486849-a97c-43c4-a07a-784aaca084eb,no limit app,5,2026-03-17,BOA,Google Play Store,Neutral,0.0
b158b82f-2480-410c-bce9-f745033367ee,Very excayeted and degjetalization more accecing to any markate enabled servece also hamble so more atande,4,2026-03-16,BOA,Google Play Store,Positive,0.39999999999999997
d770ebf8-251b-4a57-8a5d-3d6aef512e06,Best !,5,2026-03-16,BOA,Google Play Store,Positive,1.0
771ca16b-78f0-46bb-ab16-0c79fd487527,the app is always full of bugs and I don't know why they don't even try to fix them it's been like this for years it's always unstable,1,2026-03-16,BOA,Google Play Store,Positive,0.35
d7f3d46c-c135-448e-81d5-ff8c093ae343,very good,4,2026-03-16,BOA,Google Play Store,Positive,0.9099999999999999
457d0b18-98e6-4d98-8062-a96227cdde43,fast app,5,2026-03-16,BOA,Google Play Store,Positive,0.2
028ff8b4-4681-40d6-828a-eabdf8317bd0,best app,5,2026-03-16,BOA,Google Play Store,Positive,1.0
591b2055-caa1-4f65-9b4a-a982f7d08a6e,very good service,3,2026-03-16,BOA,Google Play Store,Positive,0.9099999999999999
abefc5fe-bb89-461a-8e18-92f1d056fafc,lovely app,5,2026-03-16,BOA,Google Play Store,Positive,0.5
880076f1-597b-43f0-a72e-b2d551a85413,"BoA easily accessible, fast with best service, Go ahead",5,2026-03-16,BOA,Google Play Store,Positive,0.525
e2cee706-7312-431b-bcd1-e2fdb7b8a67f,its so amazing,5,2026-03-16,BOA,Google Play Store,Positive,0.6000000000000001
19e1b3b3-ae93-405d-aa6a-a75f6373e15c,good,5,2026-03-16,BOA,Google Play Store,Positive,0.7
e72809bb-85c7-470d-98e9-48f3600af1aa,Now this bank is among those Ethiopian banks with best mobile banking. N.B I will give 5 star if the app asks a PIN before completing transaction.,4,2026-03-16,BOA,Google Play Store,Positive,1.0
cf3ae773-6780-4a73-b09c-c8757ad32902,love BOA,1,2026-03-15,BOA,Google Play Store,Positive,0.5
c25d4aae-15d7-4953-9047-5885725de079,wow,5,2026-03-14,BOA,Google Play Store,Positive,0.1
5ad04066-3460-4e16-b5c1-a886078b0085,i like,5,2026-03-14,BOA,Google Play Store,Neutral,0.0
b060812c-af12-411e-a626-a07bc4b24f5f,it stucks and jumps out,1,2026-03-13,BOA,Google Play Store,Neutral,0.0
ee67fbbe-15df-4e7e-9ff9-bd14b94a91fe,ማስተዋልይርሳው,5,2026-03-11,BOA,Google Play Store,Neutral,0.0
b6b7e64a-7e99-417d-a38c-e9eab458361e,1 ደኛ,5,2026-03-11,BOA,Google Play Store,Neutral,0.0
3f34c8ab-9104-4850-abfe-95e3ba71a8be,nice,5,2026-03-10,BOA,Google Play Store,Positive,0.6
b96d31a2-9360-43ab-ba3c-a44b324f8288,considering the fact that bank is huge this app really bad you could do better,1,2026-03-10,BOA,Google Play Store,Positive,0.06666666666666671
b74e2378-9d8f-4517-a7d6-79984c8fc1c6,fast security 🔥🔥🔥,5,2026-03-07,BOA,Google Play Store,Positive,0.2
2f243de4-32f8-4508-965e-ddfc6bc03360,100% 😱😱,5,2026-03-07,BOA,Google Play Store,Neutral,0.0
90bd6cd8-0f2a-40e8-a6fa-26cb0c45dc80,doesn't work.,1,2026-03-06,BOA,Google Play Store,Neutral,0.0
4900e135-fde5-42b2-89f1-086fe9058fac,nice,5,2026-03-04,BOA,Google Play Store,Positive,0.6
5e6379c2-86ca-4666-94d0-fef6ee4882c0,atdtd,1,2026-03-03,BOA,Google Play Store,Neutral,0.0
269bf571-95ad-4fa1-ba20-82102be383ec,Its so boaring app I ever had....please review and fix z deficulties,1,2026-03-03,BOA,Google Play Store,Neutral,0.0
2f1b12ec-7f68-4d5a-8278-28efad754be7,ፈት አፈዘ,1,2026-03-03,BOA,Google Play Store,Neutral,0.0
e763cbeb-416d-4a76-9dcd-1f4139eb794f,profesionl,5,2026-03-02,BOA,Google Play Store,Neutral,0.0
04cf6168-e6ea-4e78-bfda-3a74588a4bad,nice,5,2026-03-02,BOA,Google Play Store,Positive,0.6
902fe048-d11b-4c3f-b87a-5bfc7f335399,very nice,5,2026-03-01,BOA,Google Play Store,Positive,0.78
1c8d7526-0c07-4eaf-ab06-b71ea9a2452e,no app,1,2026-03-01,BOA,Google Play Store,Neutral,0.0
8d47e2b8-571a-49e7-8b7e-3a25c87f7f52,BOA mobile app,5,2026-02-28,BOA,Google Play Store,Neutral,0.0
0b1b9aa3-78f5-45bc-973c-925f33baa3ff,"Good App But big problem with Trasfer to other Bank im send some money to other bank still not reach it ,it's take time around two days",4,2026-02-27,BOA,Google Play Store,Positive,0.11249999999999999
ac798833-2852-4806-b49c-0870a2ca8021,Use the best bank account ✅👌👌👌,5,2026-02-25,BOA,Google Play Store,Positive,1.0
1b01f5f9-4a1c-44e3-8b89-9403a703309a,well app,5,2026-02-24,BOA,Google Play Store,Neutral,0.0
e1556dbc-4ca8-4d4f-a9e5-f2bf4a8559a5,"balance sync is working after 24 hours, frequently stop working for the last 4 yrs, boring update released, very poor service",2,2026-02-23,BOA,Google Play Store,Negative,-0.355
41416c47-1d5e-4b6c-8a1d-695bcdb3beab,Excellent service thanks,5,2026-02-20,BOA,Google Play Store,Positive,0.6
0affc54a-f15f-4be9-8016-e66f03100f76,good,5,2026-02-19,BOA,Google Play Store,Positive,0.7
4b90ec20-d272-4b58-87c8-018dba03af72,good,5,2026-02-19,BOA,Google Play Store,Positive,0.7
604bf68e-7785-44ee-81b8-76f281427bbe,Good,5,2026-02-17,BOA,Google Play Store,Positive,0.7
df20cbb3-6c0a-407b-9b4c-c761713ce51e,it crush every time you opend it it is hard to pay quickly or to access,1,2026-02-17,BOA,Google Play Store,Positive,0.020833333333333315
c15244f8-25e1-4fca-9ed1-daf0e9ac0e2e,it is a best app,5,2026-02-16,BOA,Google Play Store,Positive,1.0
5bc9361c-080d-46e3-8671-94ac9f69c029,"this app is useless, i try to use it but the app crash and log me out and this is happen again and again. i thought they will fix it on update but there is no update.",1,2026-02-15,BOA,Google Play Store,Negative,-0.5
2b184e78-5b24-4948-af50-ea702dc35ebd,"It’s very hard, it’s not working.👎👎",1,2026-02-11,BOA,Google Play Store,Negative,-0.3791666666666667
b642100d-0a91-4481-8719-d1ca5d02d5a2,v.good,5,2026-02-11,BOA,Google Play Store,Neutral,0.0
199f8774-a008-4b97-9981-35d7ce1cfb64,some time the app would have been a problem to open,5,2026-02-10,BOA,Google Play Store,Neutral,0.0
45f2bcd3-fde8-4b9b-b49d-7426427aee27,good,5,2026-02-10,BOA,Google Play Store,Positive,0.7
0a96ec4a-3a1d-464e-8730-660271fd1448,good,5,2026-02-08,BOA,Google Play Store,Positive,0.7
3e3f5f99-6936-4e16-8758-22e9e2162f87,Its not work accurately please improve your mobile banking,1,2026-02-03,BOA,Google Play Store,Positive,0.4000000000000001
16dea464-9d5d-4ba1-9daf-6be0f1a9fd88,the most doagusting app from ethiopian banking especially on weekdenda🤮🤮🤮🤮🤮🤮🤮,1,2026-02-02,BOA,Google Play Store,Positive,0.25
13071770-c8c6-433e-8b5b-fb756d545a5c,wondo mechesa,5,2026-01-31,BOA,Google Play Store,Neutral,0.0
20309f7f-db6b-49b2-92c4-07edae1f8db5,good but the user interface and animations need some upgrade,4,2026-01-31,BOA,Google Play Store,Positive,0.7
3da870d0-98d9-473c-ab31-6d2c9cad7f39,what is wrong these app ?,1,2026-01-30,BOA,Google Play Store,Negative,-0.5
7cd190a4-5f44-451a-9d37-6da8dd4d1f57,very good app,5,2026-01-29,BOA,Google Play Store,Positive,0.9099999999999999
f8f9ec99-ef80-4ac6-8be4-5743e1f6f0ab,unsatisfied to your mobile banking application,5,2026-01-28,BOA,Google Play Store,Neutral,0.0
4ca9efb2-a8af-40a6-91b8-1899645f7582,"Whenever I want to see my balance, the app says “no” and logs me out. Looks like the developer doesn’t want customers to know the truth 😄! This app really protects my money. It logs me out before I can even see my balance. 👉 Honestly, this app doesn’t reflect the quality of Bank of Abyssinia.",3,2026-01-26,BOA,Google Play Store,Positive,0.4
71d207ea-ad18-4a76-a093-a890e82b454c,"BoA Mobile is boring, imagine if you install it to your phone it crash when once used and require reinstall. I downloaded ten times but it still crashing.",1,2026-01-25,BOA,Google Play Store,Negative,-0.5
c5eb5e78-501c-41ef-ae30-1f762e7def48,you can’t transfer to others banks and it is boring,1,2026-05-18,Dashen,Google Play Store,Negative,-1.0
2c5fdb1c-0946-4fc1-b8cd-c3cc10c54165,love me,5,2026-05-18,Dashen,Google Play Store,Positive,0.5
0fc2de51-e53c-4eea-9db3-66bdb13121e0,"It is a very cool application, but it requires a lot of network data. It also asks for updates too quickly, and it is not very familiar (user-friendly). It would be good if an Amharic option was included for the USSD menu",4,2026-05-17,Dashen,Google Play Store,Positive,0.33602564102564103
e12c0c30-3995-4ad2-b5d1-8c61b519ce76,excellent,5,2026-05-17,Dashen,Google Play Store,Positive,1.0
e4c18ede-7a95-48c9-b0f8-0db83fe26191,"Misguiding - Claimed anyone can convert ETB to USD for online payments, but not true.",1,2026-05-16,Dashen,Google Play Store,Negative,-0.175
6ccb8bab-6a2a-4048-8bf3-ea266459491e,good,5,2026-05-16,Dashen,Google Play Store,Positive,0.7
12ebd51a-7912-464b-a81b-14a0aac358da,ok,5,2026-05-15,Dashen,Google Play Store,Positive,0.5
68dd84a3-07ab-41d9-aff8-ad7916ff71a8,best app so far. thank you,5,2026-05-15,Dashen,Google Play Store,Positive,0.55
78284116-8313-4ca8-a28c-61ce4fa44ee6,Very Annoying App i tried to open virtual bank account with fayda but in the end it says something went wrong i tried so many times it says something went wrong why???fix it quickly for now i give you 1/5👎👎👎,1,2026-05-14,Dashen,Google Play Store,Negative,-0.19444444444444445
b4a7ea95-727b-4501-8d84-77db88187c84,good,5,2026-05-14,Dashen,Google Play Store,Positive,0.7
59a20f9e-bb87-4d5f-bee7-ce19f19baddf,good,5,2026-05-14,Dashen,Google Play Store,Positive,0.7
fc184115-ab13-482b-bb08-798589a4d482,good app but it was doesnt work other bank transfer and require so many updates why,5,2026-05-14,Dashen,Google Play Store,Positive,0.35833333333333334
105aa71e-1e72-4618-899b-78a321a5258b,good,5,2026-05-14,Dashen,Google Play Store,Positive,0.7
3cf7873a-56b2-4e5d-b963-eb31a72d3fc7,"i swear to god , By using this app, I won a Samsung S23 Ultra. Truly, Dashen Bank is one step ahead 👏👏",5,2026-05-14,Dashen,Google Play Store,Neutral,0.0
fd76bc39-9ee1-4a56-b784-3c6e46f83d39,good and easier to used,5,2026-05-14,Dashen,Google Play Store,Positive,0.7
abf6804b-429f-4383-94a1-5a5955c27569,bad mobile banking at all,1,2026-05-13,Dashen,Google Play Store,Negative,-0.6999999999999998
265cfda4-296c-4676-bc76-032559a65ec2,very nice app.,5,2026-05-13,Dashen,Google Play Store,Positive,0.78
94a4413f-40c7-4842-b31c-43f70aff0686,very difficult app,1,2026-05-13,Dashen,Google Play Store,Negative,-0.65
eaeb3ab3-2f40-49c2-be8f-8d434331b7cb,"Good app, but debit transactions not allowed Why ?",5,2026-05-13,Dashen,Google Play Store,Positive,0.7
24e6a87a-ec94-489c-b9e6-4ed8e33a70a9,nice,5,2026-05-13,Dashen,Google Play Store,Positive,0.6
41170efe-a4b7-482c-83d1-fea6fa51993d,"Very bad customer service line. they won't pick up, dialed repeatedly. waited on hold for 20 minutes+. The worst customer service line I have experienced from a big bank.",1,2026-05-12,Dashen,Google Play Store,Negative,-0.2774999999999999
3cba8ce3-0124-43fb-87c2-e2f1000dd366,smart app,5,2026-05-12,Dashen,Google Play Store,Positive,0.21428571428571427
c04ae465-9539-4f17-b6bd-62711206e770,The application booting time is so bad..,3,2026-05-12,Dashen,Google Play Store,Negative,-0.6999999999999998
6392f0ac-7404-4939-9863-2a275db40dd2,good,5,2026-05-12,Dashen,Google Play Store,Positive,0.7
d84810ac-35af-4044-bcc4-2866cde7d441,excelent,5,2026-05-12,Dashen,Google Play Store,Neutral,0.0
fbca52ab-3c9e-4199-83bc-ef1cb7cbb1eb,this app is amaizing,5,2026-05-11,Dashen,Google Play Store,Neutral,0.0
3ac00147-9251-4c11-a6fa-35579bcd67d5,fast and very easy to use,5,2026-05-11,Dashen,Google Play Store,Positive,0.3816666666666667
15e7f782-ce40-4927-a035-f0f73b2b5631,good but it takes forever to load,4,2026-05-11,Dashen,Google Play Store,Positive,0.7
2f3c3a25-5022-4e2b-8090-0be0fda09f74,easy tp use.,5,2026-05-11,Dashen,Google Play Store,Positive,0.43333333333333335
c95d64b1-557b-4695-b66b-f2315d55c48c,best app i ever seen,5,2026-05-11,Dashen,Google Play Store,Positive,1.0
1bea6573-ccee-42a9-8625-1d78536db154,it is best but sometime when I need to sign in it request update,3,2026-05-10,Dashen,Google Play Store,Positive,1.0
681ad5dc-07e1-460c-bc79-84bdcbc080bf,nice financial app 👌,5,2026-05-10,Dashen,Google Play Store,Positive,0.3
c77f77ce-8911-47ff-8ef8-c282395a60f2,it is terrible and shame update request 3 times a month what is the matter with us?,1,2026-05-09,Dashen,Google Play Store,Negative,-1.0
e85ad0c2-be37-494e-9932-90abcf379c54,good,5,2026-05-09,Dashen,Google Play Store,Positive,0.7
29676917-abff-45ee-b8b7-ad4df0673a15,Dashen super app is the latest mobile banking.,5,2026-05-09,Dashen,Google Play Store,Positive,0.41666666666666663
ff65a1e6-08ab-4b69-9519-898af730d7d3,best but not staple suit and not fast,5,2026-05-09,Dashen,Google Play Store,Positive,0.45
484bb204-6ec2-4f83-bbfb-38b192227902,best app,5,2026-05-09,Dashen,Google Play Store,Positive,1.0
267bc779-3955-45e6-9924-3ca9258c740d,appn keessan kun daddafee update gaafata yeroo gootee garuu password block godhaa maallifi,5,2026-05-09,Dashen,Google Play Store,Neutral,0.0
1ed4529d-195a-4aea-94ab-322951a0f5ba,"Dashen Supper up Dashen Bank ,Always one step ahead!",5,2026-05-08,Dashen,Google Play Store,Neutral,0.0
56411fd2-d30b-4196-963b-c01446fd0cb1,top mobile banking app,5,2026-05-08,Dashen,Google Play Store,Positive,0.5
cfb817ad-236a-4390-acbf-4fd1f3b2630b,Thank you Dashen Bank,5,2026-05-08,Dashen,Google Play Store,Neutral,0.0
fea94eb2-8044-4f6d-99f8-4dc2566c49f3,best app,5,2026-05-08,Dashen,Google Play Store,Positive,1.0
8f7b9345-9fb9-4aa2-968e-7fab01efe7ab,dashin bank one step a head,5,2026-05-08,Dashen,Google Play Store,Neutral,0.0
523d1cac-39b0-43e1-a58e-9bf41ba4fb99,Good,5,2026-05-08,Dashen,Google Play Store,Positive,0.7
87b8a693-a799-47e8-bbae-8e2c54be7db2,Nice,5,2026-05-08,Dashen,Google Play Store,Positive,0.6
6e11f887-175b-4dfd-a0f5-37cd407cfdcf,nice bank,5,2026-05-08,Dashen,Google Play Store,Positive,0.6
47d5f9a2-bdb9-44a0-86d3-20566aa64d4b,good app,5,2026-05-08,Dashen,Google Play Store,Positive,0.7
d0155863-fe05-42c1-8dc5-761628839468,The best mobile super app in Ethiopia specifically I like it's User interface(UI),4,2026-05-08,Dashen,Google Play Store,Positive,0.6666666666666666
d40c1a6c-675f-41a1-afd9-db5435cd365e,best app,5,2026-05-06,Dashen,Google Play Store,Positive,1.0
33915bd9-74fa-4ff7-9b31-a2d3abb01fcb,Best app👍,5,2026-05-04,Dashen,Google Play Store,Positive,1.0
00a951b8-2c47-4a39-bd8d-6620f65763bb,yes goode app,5,2026-05-04,Dashen,Google Play Store,Neutral,0.0
071649cd-5bd6-4d89-8c9a-08ec934ebf8d,very interesting,5,2026-05-03,Dashen,Google Play Store,Positive,0.65
33aba156-de27-4096-8d63-9bcc3e890480,Wrong advertisement! You can't open an account using the app.,1,2026-05-01,Dashen,Google Play Store,Negative,-0.3125
fdcc9b38-156a-4c4d-9ea4-4efe953189c8,I like it,5,2026-05-01,Dashen,Google Play Store,Neutral,0.0
c25d42d9-8060-4a37-8492-26abc65ae73c,best,5,2026-04-30,Dashen,Google Play Store,Positive,1.0
b37a3ed6-026a-426b-8ac9-f957a847a44d,I can't open a bank account It says 'something went wrong',5,2026-04-30,Dashen,Google Play Store,Negative,-0.25
4703619b-96cd-482f-a100-7a0d460fb93e,ok,5,2026-04-30,Dashen,Google Play Store,Positive,0.5
77977fdf-eb0d-4a72-93c9-31c8f4249249,"👍👍 አሪፍ ነው ""ለአጠቃም ቀላል ምቹ እና አስተማማኝ ነው ተመችቶኛል 💚💛❤️",5,2026-04-30,Dashen,Google Play Store,Neutral,0.0
c915f258-9dea-42e9-900d-20077006ad7f,no faset dashen bsnk,1,2026-04-29,Dashen,Google Play Store,Neutral,0.0
9ef4967b-61cd-460f-8f33-d5359a4c2939,it forgets the password in weeks and the biometric password too it says wrong password fix it,1,2026-04-28,Dashen,Google Play Store,Negative,-0.5
72039950-7406-4fcd-bec5-19dfde02e7b2,good,5,2026-04-27,Dashen,Google Play Store,Positive,0.7
62898ce9-3e85-488e-96fc-b9e54c2047cf,super,5,2026-04-27,Dashen,Google Play Store,Positive,0.3333333333333333
f04071db-8efb-4ab7-a630-23afd311e97f,"I can't even get into the app just because my Developer mode setting is turned on? why am I getting this message? I'm never turning it off. bye, what a great app😏, it only lasted 3 minutes on my phone (I uninstalled it).",1,2026-04-26,Dashen,Google Play Store,Positive,0.4
1acd2e0b-bce4-4fdb-8d4c-f8efa7eb0c3d,good,5,2026-04-26,Dashen,Google Play Store,Positive,0.7
80cf526f-b342-4351-a373-45cb38ac132b,wowAmazing Apps,5,2026-04-26,Dashen,Google Play Store,Neutral,0.0
11ad9a52-afd1-4bd2-9846-3a55ae3288b2,great app,5,2026-04-26,Dashen,Google Play Store,Positive,0.8
69aa1e41-650a-4ebd-8ead-0b4be1e2230c,couldn't open an account onlie. gives me an error repeatedly.,2,2026-04-26,Dashen,Google Play Store,Neutral,0.0
273db250-bbe7-421f-a068-4dddfb0ef124,I think this app is best compared with other Ethiopian mobile banking apps,5,2026-04-25,Dashen,Google Play Store,Positive,0.4375
d5c6b41c-b083-48c9-ad85-38cb42cfeae5,wow amazing!!!,5,2026-04-24,Dashen,Google Play Store,Positive,0.55
89b31891-07d8-4838-81a1-bdf36b6c67e2,dashen bank super app is incredible !!,3,2026-04-24,Dashen,Google Play Store,Positive,0.6666666666666666
6e125ab1-7727-4bc5-a665-dfecacd09878,So great easy wonderfully 😍😍😍,5,2026-04-24,Dashen,Google Play Store,Positive,0.7444444444444445
be869197-1401-4f57-98b5-bf516d92f292,good,5,2026-04-24,Dashen,Google Play Store,Positive,0.7
8d128a80-d815-48d9-9451-7fa42e7aa3ae,nice,5,2026-04-24,Dashen,Google Play Store,Positive,0.6
9869b2fa-143a-4907-a2b9-1cd863dab7bb,Dashen app is #1,5,2026-04-23,Dashen,Google Play Store,Neutral,0.0
81713c19-6d42-4949-9c49-05bb86cb051e,cool app,3,2026-04-23,Dashen,Google Play Store,Positive,0.35
ba2ba02d-36dd-464c-81aa-b7271d9e90de,👍,5,2026-04-23,Dashen,Google Play Store,Neutral,0.0
817d10d7-5f06-42ae-ba70-38fd01e08eda,super app give alot coin when I shake it zero result😃,1,2026-04-23,Dashen,Google Play Store,Positive,0.3333333333333333
f4d905ad-988c-4591-bd05-fc47734410fa,I realy appreciate it especially virtual card opportunity go a head!👍👍,5,2026-04-23,Dashen,Google Play Store,Neutral,0.0
36372104-6f08-477a-ae08-93b402d0ee2c,ok👌,5,2026-04-23,Dashen,Google Play Store,Neutral,0.0
3c39078f-856e-4f2a-b716-2c6bbe5ea7c7,adegn,5,2026-04-23,Dashen,Google Play Store,Neutral,0.0
4708fdc6-fa37-4620-bfd8-f0408cc9cecf,app size is small and the app is convenient,5,2026-04-22,Dashen,Google Play Store,Negative,-0.25
d7b5f423-6f75-4c30-9008-e3744b4600b0,when compared this app to CBE&Awash pro CBE&Awash pro is better and simple for using.,1,2026-04-22,Dashen,Google Play Store,Positive,0.25
fc9277ad-4b3f-4945-bc8b-557e8b781e21,I used this app always,5,2026-04-22,Dashen,Google Play Store,Neutral,0.0
3e88bf92-6bd7-4646-a32f-0d89dfb2cab3,good bank Dashen,5,2026-04-22,Dashen,Google Play Store,Positive,0.7
052a6722-d1b0-47a5-befb-2266cffb83dc,Very reliable.,5,2026-04-22,Dashen,Google Play Store,Positive,0.2
67b03522-d4e8-4577-b6de-3e50e57e49b8,Good app,5,2026-04-22,Dashen,Google Play Store,Positive,0.7
479d224c-0508-492a-9f24-265fded06214,it is excellent and well securried application for using it.,5,2026-04-19,Dashen,Google Play Store,Positive,1.0
a61e3c0b-0d81-4a52-b029-8cc5e254845d,The worst mobile banking app ever... I don't think I am ever going to deposit anything from now on if I can't use the app properly. At one point it's working and when you close it and try after 5 minutes it won't even open. A bank this big should be ashamed of not being able to fix it for this long.,1,2026-04-18,Dashen,Google Play Store,Negative,-0.09166666666666667
ecc9fcb8-777c-4b02-a578-5ca0750f8706,amazing,5,2026-04-18,Dashen,Google Play Store,Positive,0.6000000000000001
e6fa3a55-7728-4bd9-a557-3e6ab81c9b0c,good,5,2026-04-18,Dashen,Google Play Store,Positive,0.7
639463b3-5cde-4d81-b37e-6ac1fb26ca08,"i am not interested at all the transaction fee , specially i can't make transaction with wallets..........i thought it was cool ....not interested fix everything and also it have long time loading ufffff",2,2026-04-18,Dashen,Google Play Store,Positive,0.15642857142857142
7e4e6617-2677-411d-9429-c86519de11a2,The app is not swift and does not use a fast lightweight connection.,2,2026-04-17,Dashen,Google Play Store,Positive,0.2
97536f33-ec3c-4169-8131-2c4fad78fb23,"I am experiencing a serious issue with the Dashen Super App. I visited a branch and my account was successfully activated. However, shortly after (within about 7 hours), the app started asking me again to visit the branch. In addition, my account balance is not showing even after updating the app, and I can no longer see my account number. This situation is very frustrating, especially after completing the required verification at the branch. The system does not seem stable and it is affecting",1,2026-04-16,Dashen,Google Play Store,Positive,0.03833333333333333
08dfb2b3-9337-492c-84b9-d14765fdd02d,nice but i ask every week to update.,5,2026-04-16,Dashen,Google Play Store,Positive,0.6
e0db81c5-313d-4f20-91db-4f55bf16cc74,ok,5,2026-04-15,Dashen,Google Play Store,Positive,0.5
fb33e7a7-964b-4067-842d-23f8347fc37e,i have used this app starting from the first date that launched it is interested and easiest app next to tellbirr in my experience,5,2026-04-11,Dashen,Google Play Store,Positive,0.125
459b766c-3929-4c90-9e3d-81b44cb3354f,The worst mobile banking app in Ethiopia🤮🤮🤮,1,2026-04-10,Dashen,Google Play Store,Negative,-1.0
561647c7-7479-4686-ac65-a4370312a4ac,it is very Exciting app🙏,5,2026-04-09,Dashen,Google Play Store,Positive,0.39
31cbfd68-6a61-4040-9b6d-361b4c33d21a,Transfer to other bank link is still not working .,5,2026-04-09,Dashen,Google Play Store,Negative,-0.125
947c5dc8-64aa-4a46-b891-0337a3e4b897,super fast,5,2026-04-08,Dashen,Google Play Store,Positive,0.26666666666666666
830fca56-4dc8-41b4-9912-88a32447ebf6,👌👌👌👌,5,2026-04-08,Dashen,Google Play Store,Neutral,0.0
4365988e-468a-4a6e-af73-ccd23c3b4a37,it is not working,1,2026-04-07,Dashen,Google Play Store,Neutral,0.0
358ba04f-2094-4fc1-a881-43d33bd7ede7,where is the virtual master card you are talking about. are we allowed to have multiple cards since its virtual btw your app is nice,5,2026-04-06,Dashen,Google Play Store,Positive,0.3
2854439c-f623-4de2-81cc-ea729f4451c3,Why haven’t you fixed this issue 👇 Temporarily Unavailable We're currently updating this service to improve your experience. It will be restored soon. Thank you for your patience,4,2026-04-06,Dashen,Google Play Store,Positive,0.05
e90d181a-be75-4e03-a35c-a87aeb6236d9,The Best Bank,5,2026-04-05,Dashen,Google Play Store,Positive,1.0
cc72c26f-da3b-401d-990f-d51ecb5eefc3,great,5,2026-04-04,Dashen,Google Play Store,Positive,0.8
b30bdda9-63c0-431d-a0e7-cc485d0e3a66,this dashin super app that I don't recommend anyone use it,1,2026-04-04,Dashen,Google Play Store,Positive,0.3333333333333333
94070648-cf44-45d2-b311-27f8675bfc1b,በዋይፋይ አይሰራም።,1,2026-04-04,Dashen,Google Play Store,Neutral,0.0
2fabd807-9d14-4c1f-b567-2201617754cb,there is no a system every day,1,2026-04-04,Dashen,Google Play Store,Neutral,0.0
4638e4cb-411c-4647-a1ea-f3642a6fe7e3,You talk much more !! Nothing is UNIQUE THAN OTHER APPS!!!,1,2026-04-04,Dashen,Google Play Store,Positive,0.3040364583333333
6d81b20b-96ae-4664-b24c-131fc63536f3,good,4,2026-04-01,Dashen,Google Play Store,Positive,0.7
39d8e8f3-badf-456a-b409-69e0e7db8ce3,nice app,4,2026-04-01,Dashen,Google Play Store,Positive,0.6
634e5adb-d780-4107-a375-cda6beb32e8b,"The app is grand. but it's missing two things. one is the option to see exchange rates and the other is, when opening the app we would love it if there is the option to input your biometrics directly instead of clicking another button to pop it up.",5,2026-03-31,Dashen,Google Play Store,Positive,0.155
8f40ee84-3d47-4a3a-a7e9-f2c63bfb50e0,i got question why we can't withdraw my remaining 50 birr..... anyother bank let me with draw any amount but dashnbank is kinda of annoying it says it has 50 has to remain are u somekind of theif or tell me how to fix this😡😡,1,2026-03-28,Dashen,Google Play Store,Negative,-0.8
10ea374d-d91e-4d54-a0be-c48a2004fbaf,very good,5,2026-03-25,Dashen,Google Play Store,Positive,0.9099999999999999
a4be05a1-05d5-41e8-aceb-4773ee01e360,ምርጥ ነው።,5,2026-03-22,Dashen,Google Play Store,Neutral,0.0
87ff4668-6a15-4640-81c6-f30f85099c33,👍🏿good,5,2026-03-21,Dashen,Google Play Store,Neutral,0.0
a2b3affe-c1e1-4108-a35d-ab409d38bc65,amaizing app,5,2026-03-17,Dashen,Google Play Store,Neutral,0.0
5e93d6f9-bc44-4d6b-87df-890138dd817b,💯,5,2026-03-17,Dashen,Google Play Store,Neutral,0.0
a7bfeb33-54ff-47a1-a83c-46d84f7fb6c3,best option,5,2026-03-16,Dashen,Google Play Store,Positive,1.0
42704c60-d7db-4cff-93b7-53c4871812cc,good,5,2026-03-14,Dashen,Google Play Store,Positive,0.7
5580be5c-7ed2-4b1d-bb9b-b6cafd790560,like 🥰,5,2026-03-12,Dashen,Google Play Store,Neutral,0.0
16b5445c-964f-4185-97b3-cecd4fdc9c01,worst application,1,2026-03-11,Dashen,Google Play Store,Negative,-1.0
f226b03e-d474-483a-9fa9-31709c012817,best,5,2026-03-10,Dashen,Google Play Store,Positive,1.0
7d7a23eb-fa79-4b05-a927-b3b99cf8e371,Excellent,5,2026-03-08,Dashen,Google Play Store,Positive,1.0
577789b9-668f-4183-a920-a8c1b442a71c,so funy,5,2026-03-08,Dashen,Google Play Store,Neutral,0.0
9862ce32-6ac2-43b7-8881-4e4ef3468e2c,Good luck 👍 for my ambition ✔️💯%,4,2026-03-08,Dashen,Google Play Store,Positive,0.7
5eda8185-65db-41f7-979e-bd07e2d4c783,good job,4,2026-03-07,Dashen,Google Play Store,Positive,0.7
4ed1b355-d092-4b9d-a4cf-205ece7b5e92,ዳሸን ሱፐር አፕ ይለያል,5,2026-03-07,Dashen,Google Play Store,Neutral,0.0
b58219cc-fd55-4ab7-b183-a00a590b3f2a,Nice,4,2026-03-06,Dashen,Google Play Store,Positive,0.6
65eb07cc-2eeb-41e1-917d-7ecaec59f059,ሁሌ አይሰራም መሽከርከር ብቻ ባላንስ አያሳይ ትራንስፈር አይሰራ አፑ ራሱ አይከፍት ብር ይቆርጣል እንጂ አይልክ ። ወሬ ብቻ 4 ወር አየውት ወሬ ቲሽ,1,2026-03-05,Dashen,Google Play Store,Neutral,0.0
bf9bcc23-07a1-444b-8af6-eb14c2f54a42,dashen bank super up,5,2026-03-05,Dashen,Google Play Store,Positive,0.3333333333333333
ed4f3ac6-c53f-4830-b573-966243744659,good but not fast,1,2026-03-03,Dashen,Google Play Store,Positive,0.3
7200ec14-1630-4f75-a373-6d48a9525d93,it works all we need but if there is good internet connection.,3,2026-03-01,Dashen,Google Play Store,Positive,0.7
55d74ee5-63ee-4870-ae4b-da694b8824aa,birhanu debebe getahuu,5,2026-02-27,Dashen,Google Play Store,Neutral,0.0
4d294c03-077b-4aa7-be00-c8e4aba6e746,waw,5,2026-02-27,Dashen,Google Play Store,Neutral,0.0
0c3f0d1d-79a5-4821-990a-87d59e6b651a,yes waw,5,2026-02-26,Dashen,Google Play Store,Neutral,0.0
b23e8a53-3b8f-4b54-952d-e86ecd3ff27d,I use this app it's best,5,2026-02-25,Dashen,Google Play Store,Positive,1.0
882a390d-cee8-4fdc-b92d-eb5b9c6a35ef,"What's the problem with VPN?, i use a local VPN and turning that off for this app sucks",1,2026-02-25,Dashen,Google Play Store,Negative,-0.15
e2ebf3a6-807d-48ae-8a14-703dd758a156,Thank you. Very nice App.,5,2026-02-25,Dashen,Google Play Store,Positive,0.78
0d3706b4-c1ca-47f5-95f1-603aaa2aab14,very important,5,2026-02-23,Dashen,Google Play Store,Positive,0.52
1d857c36-95d1-4cf6-bfa7-d7730e6c267f,"Dashen Bank SuperApp is user‑friendly, fast, and very convenient for daily banking. Transactions are smooth, and the app keeps improving with useful features. A great digital banking experience overall highly recommended.",5,2026-02-23,Dashen,Google Play Store,Positive,0.2288888888888889
a48a15b4-9f0f-4cc2-b823-56bc1c2314b3,Biometrc authentication is not working in this updated version.,3,2026-02-23,Dashen,Google Play Store,Neutral,0.0
6c4fa0f4-9cce-43e1-8008-a57369161d1a,perfect,5,2026-02-21,Dashen,Google Play Store,Positive,1.0
1c4be7d0-cbf6-4046-be73-4f3d7f231517,ok,5,2026-02-20,Dashen,Google Play Store,Positive,0.5
fa56d43c-712e-458b-a198-5847ee17b7f6,One of the best in Ethiopia,5,2026-02-20,Dashen,Google Play Store,Positive,1.0
fc470dbd-d7b4-4496-b741-1c58a6353057,Mostly slow or doesn't open altogether. A clumsy app,2,2026-02-16,Dashen,Google Play Store,Negative,-0.20000000000000004
fd47e642-c12d-429f-8dd6-990f2794be59,"This is painfully very slow to load, switch between accounts and check balances.",1,2026-02-13,Dashen,Google Play Store,Negative,-0.39000000000000007
873ed535-2191-412a-aa42-04c8770be006,Nice,5,2026-02-10,Dashen,Google Play Store,Positive,0.6
12090924-fdd9-4662-88a4-b085eac604eb,"the app used to work fine, but the last update ruined something even RTGS transfer isn't working",2,2026-02-10,Dashen,Google Play Store,Positive,0.20833333333333334
cd1fb73e-591a-41b6-b763-4a45eaec28d1,The app is good but sometimes it is lagging,4,2026-02-09,Dashen,Google Play Store,Positive,0.7
66fff829-d44c-41f9-a015-ae4756e3513f,please fix the glitch it has bug,3,2026-02-09,Dashen,Google Play Store,Neutral,0.0
c0783bf0-e317-45e9-9c89-98c8d7da3b7b,Problem Everyday! Not even close to other banking apps. Crashing every time and failed to load most of the time!,1,2026-02-09,Dashen,Google Play Store,Negative,-0.0625
e707f587-634d-49e5-a00e-d4687a003916,This is the worst mobile banking app I've ever used 😡 please improve it.,1,2026-02-07,Dashen,Google Play Store,Negative,-1.0
db51bf02-730a-4a18-a0fe-f4523a5b7d59,The most realistic and modernized financial service in ethiopia i recommend every individual to use this application probably. Always one step ahed 💯,5,2026-02-03,Dashen,Google Play Store,Positive,0.16666666666666666
c30dbd2e-2b50-4802-937a-f3d5ce66c22e,It's very interesting,5,2026-02-02,Dashen,Google Play Store,Positive,0.65
4275d07a-f0f3-4034-8ee6-83e600707a37,"The most unreliable, frustrating and worst app I have ever used! imagine being in a restaurant and trying paying bills, but not processing! It is the time you will deeply understand what reliability means.",1,2026-02-01,Dashen,Google Play Store,Negative,-0.225
c6aa427e-22fe-4fba-9d6f-4a1cf4e8fa89,"the amount of times I have gone to the bank to get this thing working is a lot. on top of that, it stops working on a random day which means another bank visit. found it to be unreliable",1,2026-01-31,Dashen,Google Play Store,Neutral,0.0
56c64a23-2cfa-472f-a57a-5bc56cfc0c23,"Disgusting! You can't Buy any goods thinking you will transfer from this app. it is so inconsistent, it is not reliable. The so Called Super app is Super slow. Such a shame! 2/10.",1,2026-01-31,Dashen,Google Play Store,Negative,-0.1266666666666667
0923f1c6-533a-48a1-b0a1-f788652fe1bd,መልክ ብቻ,1,2026-01-31,Dashen,Google Play Store,Neutral,0.0
f0834baf-814d-44c3-a31d-a00e5f02aef7,"The app is great but please, please do something with the mini statement and the transactions to CBE 🙏🙏🙏",2,2026-01-31,Dashen,Google Play Store,Positive,0.8
be72b26a-63e4-439e-a28b-04a8ab07058f,please the app is not working properly. fix this problem soon. it's not loading my balance and not able to transfer fund .,3,2026-01-30,Dashen,Google Play Store,Negative,-0.125
505bfe32-be00-483f-8d32-cecfd517eef5,other bank and telebirr didn't work. Niged Bank is much better,1,2026-01-30,Dashen,Google Play Store,Positive,0.1875
ac480727-3d8b-401c-b63e-ca22696cd93c,It is so boring.....,1,2026-01-30,Dashen,Google Play Store,Negative,-1.0
79bc1baa-fe7d-4279-a2af-fde366ef6a71,"It is the slowest and most problematic app I have used. The app is often busy and does not open properly. Even when it opens, it fails to display my deposit account balance. I have already updated the app, but the issue is still the same. Dashen, please wake up and fix this.",1,2026-01-30,Dashen,Google Play Store,Positive,0.016666666666666663
a51fecd7-ae4d-417b-9b16-714fa1ae9234,stops working when you need it most.... and its on multiple occasions. and they won't even fix it right away.,1,2026-01-30,Dashen,Google Play Store,Positive,0.2619047619047619
1c7cd9b2-b724-4f09-aa90-64995a08c5c4,"This app is so laggy and unreliable, can't even make transaction to wallet or other bank. I tried to reinstall the app now i can't even login to the app",1,2026-01-30,Dashen,Google Play Store,Negative,-0.125
e6882f24-3a49-48de-9396-b640949b2ff4,yes it's the best app,5,2026-01-29,Dashen,Google Play Store,Positive,1.0
17917129-79c7-42c0-afff-665f70c648af,please improve the app function on its not working properly,3,2026-01-29,Dashen,Google Play Store,Neutral,0.0
a6634d13-a99f-4055-b88c-6b798db4ef95,good,5,2026-01-27,Dashen,Google Play Store,Positive,0.7
ef0c2fb8-d3f8-4950-beed-9651046dff7d,best,5,2026-01-26,Dashen,Google Play Store,Positive,1.0
7e6b0461-96d9-4ac7-964b-6a814d73b738,my dashen is really proud,5,2026-01-24,Dashen,Google Play Store,Positive,0.8
2909bc94-fdc0-4c24-9d9a-152e5ce72d7f,the new update asks for a pin again & again its annoying fix it,1,2026-01-24,Dashen,Google Play Store,Negative,-0.33181818181818185
4608547c-739b-4ac7-b46d-e27c93454e30,very nice,5,2026-01-23,Dashen,Google Play Store,Positive,0.78
2342cc8c-e076-49d6-9dc7-732f605a245d,best,5,2026-01-23,Dashen,Google Play Store,Positive,1.0
cc45bd4c-7a94-4b35-a263-91d78315bb89,the best design speed attractive 😍 i love this app,5,2026-01-21,Dashen,Google Play Store,Positive,0.7666666666666666
e400120b-468d-4459-8f55-df9eba7abae1,Good 👍,5,2026-01-21,Dashen,Google Play Store,Positive,0.7
c430b46e-114e-45d3-856b-cbf57dc6c90d,"The user interface and functions are impressive. However, it lags when performing several transactions. It needs attention.",3,2026-01-21,Dashen,Google Play Store,Positive,0.5
7652d004-5aa3-462e-b67f-de4070e6d297,it's fast and easy,4,2026-01-20,Dashen,Google Play Store,Positive,0.31666666666666665
7d6a5851-25be-4c3a-b5c3-4382371acfe5,best in class bank,5,2026-01-20,Dashen,Google Play Store,Positive,1.0
a955d6cb-b438-4738-b92c-f83cfd104a8d,it's good,5,2026-01-20,Dashen,Google Play Store,Positive,0.7
bb86028d-9add-4e4d-8b33-98ee41d5a6f7,Masha Allah this application platform very active and fast so thank you so much future greater than above transaction other customers uster satisfaction regarding to digitalization of Ethiopia 2030 and world 🌎,5,2026-01-19,Dashen,Google Play Store,Positive,0.06694444444444443
cfde3219-e21a-4a2c-a7f5-e90ff6c1cf9d,worst bank ever ...,1,2026-01-19,Dashen,Google Play Store,Negative,-1.0
8e1548b0-efcb-403e-8d0f-b1ea3607ef18,dashen: always one stepbahead!,5,2026-01-17,Dashen,Google Play Store,Neutral,0.0
1d6b4cd8-20e9-45f2-9d7f-d6e19e80aae8,good app,5,2026-01-17,Dashen,Google Play Store,Positive,0.7
43cc1f17-022c-40bf-bf9f-ceffbb3c9a6e,higher like the mountain,5,2026-01-16,Dashen,Google Play Store,Positive,0.25
a6373139-bc8f-4ebb-a4a6-3cb7dca672dc,verynice app great,5,2026-01-16,Dashen,Google Play Store,Positive,0.8
1b460630-9e14-45cb-88d5-7055125b6bb4,Important App,4,2026-01-16,Dashen,Google Play Store,Positive,0.4
a1391c2b-d752-4958-9736-97d42109189c,ok,4,2026-01-16,Dashen,Google Play Store,Positive,0.5
518ef9b0-d10b-4050-bded-274264c3207c,please adjust to send to other telebirr wallet,4,2026-01-14,Dashen,Google Play Store,Negative,-0.125
2abf1efe-1cec-4338-8634-09021baea912,good,5,2026-01-12,Dashen,Google Play Store,Positive,0.7
174d3fae-3d4c-469d-90b2-114bf6c23146,ባንችአታላይ ቤዛዊ ትሸዊት ዳሽንባንክ,1,2026-01-10,Dashen,Google Play Store,Neutral,0.0
6e114d46-b6cd-4ac4-9b39-611be7092468,"Dashen supper app is fast ,secure, user-friendly and reliable app that makes managing my daily transaction .This app gives me total control over my accounts with peace of mind.",5,2026-01-09,Dashen,Google Play Store,Positive,0.15000000000000002
8f13d4ef-f0a4-4029-9b2c-8a4c790547f7,this app good,5,2026-01-09,Dashen,Google Play Store,Positive,0.7
77a7a958-e981-4656-aa44-545f89fb35d6,The old version was much better than the Super App. The Super App has many issues. You should consider rewarding users who report problems to help improve it and truly make it Super,3,2026-01-08,Dashen,Google Play Store,Positive,0.37142857142857144
54ec2a20-6d4c-4934-8f43-95bcbfc419ae,THE WORST BANK. THE WORST APP.,1,2026-01-08,Dashen,Google Play Store,Negative,-1.0
60ca46f9-961d-4c92-8907-31b180aee2c0,nice app,5,2026-01-07,Dashen,Google Play Store,Positive,0.6
1b7ef7c1-d163-4961-a363-8fedd747295f,best,5,2026-01-05,Dashen,Google Play Store,Positive,1.0
0e571046-2c0d-4737-80da-47b0eff9e267,satisfied,4,2026-01-03,Dashen,Google Play Store,Positive,0.5
c1bc85ce-b70c-420a-b6b9-d2a33feeee38,Very bad app I ever saw,1,2026-01-02,Dashen,Google Play Store,Negative,-0.9099999999999998
